Seed,True_Var_Def,False_Var_Def,VAF_Lower_Limit,VAF_Upper_Limit,Feature_Category,Num_True_Var_Testing,Num_False_Var_Testing,TP,FP,TN,FN,AUC,MCC,F1_score,Accuracy,MSE
10,[1],[0.33],0.01,0.6,Moderate,126,1086,96,206,880,30,0.7861089187056038,0.404,0.449,0.805,0.195
10,[1],"[0.33, 0.67]",0.01,0.6,Moderate,135,1240,103,251,989,32,0.7802718040621267,0.381,0.421,0.794,0.206
10,"[1, 0.67]",[0.33],0.01,0.6,Moderate,289,1086,189,304,782,100,0.6870264517896857,0.318,0.483,0.706,0.294
10,[1],[0.33],0.01,0.6,Strict,126,1086,95,209,877,31,0.7807594492677365,0.395,0.442,0.802,0.198
10,[1],"[0.33, 0.67]",0.01,0.6,Strict,135,1240,105,263,977,30,0.7828405017921146,0.38,0.417,0.787,0.213
10,"[1, 0.67]",[0.33],0.01,0.6,Strict,289,1086,190,307,779,99,0.6873753401263006,0.318,0.483,0.705,0.295
10,[1],[0.33],0.01,0.6,Exhaustive,126,1086,96,213,873,30,0.7828860826098395,0.396,0.441,0.8,0.2
10,[1],"[0.33, 0.67]",0.01,0.6,Exhaustive,135,1240,101,258,982,34,0.7700418160095579,0.366,0.409,0.788,0.212
10,"[1, 0.67]",[0.33],0.01,0.6,Exhaustive,289,1086,193,305,781,96,0.6934864618580614,0.328,0.49,0.708,0.292
10,[1],[0.33],0.01,0.5,Moderate,125,1084,106,231,853,19,0.8174501845018448,0.431,0.459,0.793,0.207
10,[1],"[0.33, 0.67]",0.01,0.5,Moderate,130,1241,101,268,973,29,0.7804841009111758,0.371,0.405,0.783,0.217
10,"[1, 0.67]",[0.33],0.01,0.5,Moderate,291,1080,188,330,750,103,0.67024627720504,0.287,0.465,0.684,0.316
10,[1],[0.33],0.01,0.5,Strict,125,1084,103,225,859,22,0.8082177121771217,0.422,0.455,0.796,0.204
10,[1],"[0.33, 0.67]",0.01,0.5,Strict,130,1241,104,267,974,26,0.7924254633360194,0.386,0.415,0.786,0.214
10,"[1, 0.67]",[0.33],0.01,0.5,Strict,291,1080,194,336,744,97,0.6777777777777778,0.299,0.473,0.684,0.316
10,[1],[0.33],0.01,0.5,Exhaustive,125,1084,109,224,860,16,0.8326789667896679,0.453,0.476,0.801,0.199
10,[1],"[0.33, 0.67]",0.01,0.5,Exhaustive,130,1241,103,278,963,27,0.7841473997396641,0.372,0.403,0.778,0.222
10,"[1, 0.67]",[0.33],0.01,0.5,Exhaustive,291,1080,192,311,769,99,0.6859154257350133,0.315,0.484,0.701,0.299
10,[1],[0.33],0.02,0.6,Moderate,117,1066,89,243,823,28,0.7663643944131748,0.354,0.396,0.771,0.229
10,[1],"[0.33, 0.67]",0.02,0.6,Moderate,113,1230,85,322,908,28,0.7452118857471761,0.296,0.327,0.739,0.261
10,"[1, 0.67]",[0.33],0.02,0.6,Moderate,295,1048,176,332,716,119,0.6399081381808772,0.239,0.438,0.664,0.336
10,[1],[0.33],0.02,0.6,Strict,117,1066,88,240,826,29,0.7634980195955805,0.351,0.396,0.773,0.227
10,[1],"[0.33, 0.67]",0.02,0.6,Strict,113,1230,86,310,920,27,0.7545147132887258,0.31,0.338,0.749,0.251
10,"[1, 0.67]",[0.33],0.02,0.6,Strict,295,1048,178,335,713,117,0.6418666709794282,0.242,0.441,0.663,0.337
10,[1],[0.33],0.02,0.6,Exhaustive,117,1066,87,248,818,30,0.7554721701063165,0.339,0.385,0.765,0.235
10,[1],"[0.33, 0.67]",0.02,0.6,Exhaustive,113,1230,86,304,926,27,0.7569537376789696,0.314,0.342,0.754,0.246
10,"[1, 0.67]",[0.33],0.02,0.6,Exhaustive,295,1048,176,337,711,119,0.6375226419976711,0.234,0.436,0.66,0.34
10,[1],[0.33],0.02,0.5,Moderate,108,1071,85,245,826,23,0.7791394335511983,0.359,0.388,0.773,0.227
10,[1],"[0.33, 0.67]",0.02,0.5,Moderate,132,1206,99,312,894,33,0.7456467661691544,0.318,0.365,0.742,0.258
10,"[1, 0.67]",[0.33],0.02,0.5,Moderate,292,1046,196,352,694,96,0.6673564001152467,0.281,0.467,0.665,0.335
10,[1],[0.33],0.02,0.5,Strict,108,1071,85,255,816,23,0.7744708994708995,0.35,0.379,0.764,0.236
10,[1],"[0.33, 0.67]",0.02,0.5,Strict,132,1206,100,336,870,32,0.739484396200814,0.305,0.352,0.725,0.275
10,"[1, 0.67]",[0.33],0.02,0.5,Strict,292,1046,207,355,691,85,0.6847579821367767,0.309,0.485,0.671,0.329
10,[1],[0.33],0.02,0.5,Exhaustive,108,1071,86,247,824,22,0.7828353563647681,0.362,0.39,0.772,0.228
10,[1],"[0.33, 0.67]",0.02,0.5,Exhaustive,132,1206,98,326,880,34,0.7360545756068144,0.303,0.353,0.731,0.269
10,"[1, 0.67]",[0.33],0.02,0.5,Exhaustive,292,1046,193,348,698,99,0.664131459702978,0.276,0.463,0.666,0.334
10,[1],[0.33],0.05,0.6,Moderate,84,309,59,85,224,25,0.7136500231160426,0.364,0.518,0.72,0.28
10,[1],"[0.33, 0.67]",0.05,0.6,Moderate,80,377,49,114,263,31,0.6550563660477454,0.246,0.403,0.683,0.317
10,"[1, 0.67]",[0.33],0.05,0.6,Moderate,154,303,92,98,205,62,0.636985127084137,0.263,0.535,0.65,0.35
10,[1],[0.33],0.05,0.6,Strict,84,309,60,99,210,24,0.6969486823855755,0.329,0.494,0.687,0.313
10,[1],"[0.33, 0.67]",0.05,0.6,Strict,80,377,54,120,257,26,0.6783488063660478,0.279,0.425,0.681,0.319
10,"[1, 0.67]",[0.33],0.05,0.6,Strict,154,303,97,104,199,57,0.6433179032188934,0.273,0.546,0.648,0.352
10,[1],[0.33],0.05,0.6,Exhaustive,84,309,62,74,235,22,0.7493065187239945,0.43,0.564,0.756,0.244
10,[1],"[0.33, 0.67]",0.05,0.6,Exhaustive,80,377,48,117,260,32,0.6448275862068966,0.229,0.392,0.674,0.326
10,"[1, 0.67]",[0.33],0.05,0.6,Exhaustive,154,303,91,95,208,63,0.6386888688868886,0.267,0.535,0.654,0.346
10,[1],[0.33],0.05,0.5,Moderate,86,304,58,91,213,28,0.6875382496940023,0.32,0.494,0.695,0.305
10,[1],"[0.33, 0.67]",0.05,0.5,Moderate,77,376,50,89,287,27,0.7063242608455375,0.336,0.463,0.744,0.256
10,"[1, 0.67]",[0.33],0.05,0.5,Moderate,152,301,96,83,218,56,0.6779157195313866,0.344,0.58,0.693,0.307
10,[1],[0.33],0.05,0.5,Strict,86,304,57,89,215,29,0.6850137698898409,0.317,0.491,0.697,0.303
10,[1],"[0.33, 0.67]",0.05,0.5,Strict,77,376,52,113,263,25,0.6873963802155292,0.293,0.43,0.695,0.305
10,"[1, 0.67]",[0.33],0.05,0.5,Strict,152,301,94,106,195,58,0.6331307920965203,0.253,0.534,0.638,0.362
10,[1],[0.33],0.05,0.5,Exhaustive,86,304,59,95,209,27,0.6867732558139534,0.317,0.492,0.687,0.313
10,[1],"[0.33, 0.67]",0.05,0.5,Exhaustive,77,376,44,91,285,33,0.6647036474164134,0.271,0.415,0.726,0.274
10,"[1, 0.67]",[0.33],0.05,0.5,Exhaustive,152,301,99,93,208,53,0.671172844902955,0.327,0.576,0.678,0.322
10,[1],[0.33],0.1,0.6,Moderate,39,74,27,24,50,12,0.683991683991684,0.352,0.6,0.681,0.319
10,[1],"[0.33, 0.67]",0.1,0.6,Moderate,40,93,28,33,60,12,0.6725806451612902,0.318,0.554,0.662,0.338
10,"[1, 0.67]",[0.33],0.1,0.6,Moderate,58,75,40,31,44,18,0.6381609195402299,0.275,0.62,0.632,0.368
10,[1],[0.33],0.1,0.6,Strict,39,74,24,28,46,15,0.6185031185031185,0.226,0.527,0.619,0.381
10,[1],"[0.33, 0.67]",0.1,0.6,Strict,40,93,27,32,61,13,0.6654569892473119,0.305,0.545,0.662,0.338
10,"[1, 0.67]",[0.33],0.1,0.6,Strict,58,75,39,38,37,19,0.5828735632183908,0.166,0.578,0.571,0.429
10,[1],[0.33],0.1,0.6,Exhaustive,39,74,27,21,53,12,0.7042619542619541,0.393,0.621,0.708,0.292
10,[1],"[0.33, 0.67]",0.1,0.6,Exhaustive,40,93,27,33,60,13,0.6600806451612903,0.295,0.54,0.654,0.346
10,"[1, 0.67]",[0.33],0.1,0.6,Exhaustive,58,75,38,37,38,20,0.580919540229885,0.162,0.571,0.571,0.429
10,[1],[0.33],0.1,0.5,Moderate,36,74,23,21,53,13,0.6775525525525525,0.34,0.575,0.691,0.309
10,[1],"[0.33, 0.67]",0.1,0.5,Moderate,35,94,27,34,60,8,0.7048632218844986,0.365,0.562,0.674,0.326
10,"[1, 0.67]",[0.33],0.1,0.5,Moderate,52,77,34,30,47,18,0.6321178821178821,0.259,0.586,0.628,0.372
10,[1],[0.33],0.1,0.5,Strict,36,74,20,25,49,16,0.6088588588588588,0.208,0.494,0.627,0.373
10,[1],"[0.33, 0.67]",0.1,0.5,Strict,35,94,25,36,58,10,0.6656534954407295,0.295,0.521,0.643,0.357
10,"[1, 0.67]",[0.33],0.1,0.5,Strict,52,77,29,36,41,23,0.5450799200799201,0.088,0.496,0.543,0.457
10,[1],[0.33],0.1,0.5,Exhaustive,36,74,25,22,52,11,0.6985735735735734,0.377,0.602,0.7,0.3
10,[1],"[0.33, 0.67]",0.1,0.5,Exhaustive,35,94,25,35,59,10,0.6709726443768997,0.305,0.526,0.651,0.349
10,"[1, 0.67]",[0.33],0.1,0.5,Exhaustive,52,77,27,28,49,25,0.5777972027972028,0.154,0.505,0.589,0.411
20,[1],[0.33],0.01,0.6,Moderate,135,1077,113,245,832,22,0.8047766429382028,0.42,0.458,0.78,0.22
20,[1],"[0.33, 0.67]",0.01,0.6,Moderate,136,1239,105,256,983,31,0.7827202915064332,0.384,0.423,0.791,0.209
20,"[1, 0.67]",[0.33],0.01,0.6,Moderate,303,1072,196,282,790,107,0.6919024924880547,0.334,0.502,0.717,0.283
20,[1],[0.33],0.01,0.6,Strict,135,1077,116,255,822,19,0.8112452285154235,0.425,0.458,0.774,0.226
20,[1],"[0.33, 0.67]",0.01,0.6,Strict,136,1239,104,269,970,32,0.7737976546550823,0.368,0.409,0.781,0.219
20,"[1, 0.67]",[0.33],0.01,0.6,Strict,303,1072,203,297,775,100,0.6964573789468499,0.339,0.506,0.711,0.289
20,[1],[0.33],0.01,0.6,Exhaustive,135,1077,111,243,834,24,0.7982977406375735,0.413,0.454,0.78,0.22
20,[1],"[0.33, 0.67]",0.01,0.6,Exhaustive,136,1239,102,267,972,34,0.7672518159806295,0.36,0.404,0.781,0.219
20,"[1, 0.67]",[0.33],0.01,0.6,Exhaustive,303,1072,197,287,785,106,0.6912205679523176,0.332,0.501,0.714,0.286
20,[1],[0.33],0.01,0.5,Moderate,130,1079,110,253,826,20,0.8058387395736794,0.413,0.446,0.774,0.226
20,[1],"[0.33, 0.67]",0.01,0.5,Moderate,136,1235,105,284,951,31,0.7710496546796857,0.359,0.4,0.77,0.23
20,"[1, 0.67]",[0.33],0.01,0.5,Moderate,294,1077,202,314,763,92,0.6977621132018268,0.335,0.499,0.704,0.296
20,[1],[0.33],0.01,0.5,Strict,130,1079,108,248,831,22,0.8004633920296571,0.408,0.444,0.777,0.223
20,[1],"[0.33, 0.67]",0.01,0.5,Strict,136,1235,103,279,956,33,0.7657210050011908,0.354,0.398,0.772,0.228
20,"[1, 0.67]",[0.33],0.01,0.5,Strict,294,1077,206,304,773,88,0.7092073598241525,0.355,0.512,0.714,0.286
20,[1],[0.33],0.01,0.5,Exhaustive,130,1079,111,253,826,19,0.8096848934198331,0.418,0.449,0.775,0.225
20,[1],"[0.33, 0.67]",0.01,0.5,Exhaustive,136,1235,105,289,946,31,0.7690253631817099,0.355,0.396,0.767,0.233
20,"[1, 0.67]",[0.33],0.01,0.5,Exhaustive,294,1077,200,299,778,94,0.7013245409584445,0.343,0.504,0.713,0.287
20,[1],[0.33],0.02,0.6,Moderate,130,1053,102,252,801,28,0.7726495726495726,0.372,0.421,0.763,0.237
20,[1],"[0.33, 0.67]",0.02,0.6,Moderate,112,1231,84,311,920,28,0.7486799350121852,0.302,0.331,0.748,0.252
20,"[1, 0.67]",[0.33],0.02,0.6,Moderate,262,1081,170,339,742,92,0.6676282209715347,0.274,0.441,0.679,0.321
20,[1],[0.33],0.02,0.6,Strict,130,1053,102,252,801,28,0.7726495726495726,0.372,0.421,0.763,0.237
20,[1],"[0.33, 0.67]",0.02,0.6,Strict,112,1231,84,300,931,28,0.7531478472786354,0.31,0.339,0.756,0.244
20,"[1, 0.67]",[0.33],0.02,0.6,Strict,262,1081,165,329,752,97,0.6627115831397279,0.267,0.437,0.683,0.317
20,[1],[0.33],0.02,0.6,Exhaustive,130,1053,101,250,803,29,0.769753086419753,0.369,0.42,0.764,0.236
20,[1],"[0.33, 0.67]",0.02,0.6,Exhaustive,112,1231,82,293,938,30,0.7470624927468957,0.305,0.337,0.759,0.241
20,"[1, 0.67]",[0.33],0.02,0.6,Exhaustive,262,1081,170,338,743,92,0.6680907556616364,0.275,0.442,0.68,0.32
20,[1],[0.33],0.02,0.5,Moderate,108,1071,80,262,809,28,0.7480547774665421,0.315,0.356,0.754,0.246
20,[1],"[0.33, 0.67]",0.02,0.5,Moderate,117,1221,90,304,917,27,0.7601272601272601,0.322,0.352,0.753,0.247
20,"[1, 0.67]",[0.33],0.02,0.5,Moderate,273,1065,176,324,741,97,0.6702316462879843,0.284,0.455,0.685,0.315
20,[1],[0.33],0.02,0.5,Strict,108,1071,82,266,805,26,0.755446623093682,0.323,0.36,0.752,0.248
20,[1],"[0.33, 0.67]",0.02,0.5,Strict,117,1221,90,309,912,27,0.758079758079758,0.319,0.349,0.749,0.251
20,"[1, 0.67]",[0.33],0.02,0.5,Strict,273,1065,186,334,731,87,0.6838518289222515,0.304,0.469,0.685,0.315
20,[1],[0.33],0.02,0.5,Exhaustive,108,1071,80,258,813,28,0.7499221910986617,0.319,0.359,0.757,0.243
20,[1],"[0.33, 0.67]",0.02,0.5,Exhaustive,117,1221,86,294,927,31,0.7471282471282471,0.31,0.346,0.757,0.243
20,"[1, 0.67]",[0.33],0.02,0.5,Exhaustive,273,1065,176,329,736,97,0.6678842284476088,0.279,0.452,0.682,0.318
20,[1],[0.33],0.05,0.6,Moderate,85,308,65,82,226,20,0.7492360580595876,0.424,0.56,0.74,0.26
20,[1],"[0.33, 0.67]",0.05,0.6,Moderate,78,379,54,101,278,24,0.7129084635680941,0.338,0.464,0.726,0.274
20,"[1, 0.67]",[0.33],0.05,0.6,Moderate,142,315,90,115,200,52,0.6343617259110217,0.25,0.519,0.635,0.365
20,[1],[0.33],0.05,0.6,Strict,85,308,59,87,221,26,0.7058250572956455,0.351,0.511,0.712,0.288
20,[1],"[0.33, 0.67]",0.05,0.6,Strict,78,379,54,110,269,24,0.7010351126446114,0.315,0.446,0.707,0.293
20,"[1, 0.67]",[0.33],0.05,0.6,Strict,142,315,98,119,196,44,0.6561815336463224,0.289,0.546,0.643,0.357
20,[1],[0.33],0.05,0.6,Exhaustive,85,308,64,92,216,21,0.7271199388846448,0.382,0.531,0.712,0.288
20,[1],"[0.33, 0.67]",0.05,0.6,Exhaustive,78,379,51,111,268,27,0.6804850822001217,0.284,0.425,0.698,0.302
20,"[1, 0.67]",[0.33],0.05,0.6,Exhaustive,142,315,96,109,206,46,0.6650122959982114,0.307,0.553,0.661,0.339
20,[1],[0.33],0.05,0.5,Moderate,79,311,57,95,216,22,0.7080263746998249,0.343,0.494,0.7,0.3
20,[1],"[0.33, 0.67]",0.05,0.5,Moderate,86,367,60,115,252,26,0.6921614599835244,0.31,0.46,0.689,0.311
20,"[1, 0.67]",[0.33],0.05,0.5,Moderate,139,314,91,110,204,48,0.6521788938276132,0.283,0.535,0.651,0.349
20,[1],[0.33],0.05,0.5,Strict,79,311,62,100,211,17,0.7316333591110749,0.378,0.515,0.7,0.3
20,[1],"[0.33, 0.67]",0.05,0.5,Strict,86,367,58,123,244,28,0.6696343704454725,0.272,0.434,0.667,0.333
20,"[1, 0.67]",[0.33],0.05,0.5,Strict,139,314,90,121,193,49,0.6310658479585758,0.242,0.514,0.625,0.375
20,[1],[0.33],0.05,0.5,Exhaustive,79,311,58,96,215,21,0.7127477715820749,0.35,0.498,0.7,0.3
20,[1],"[0.33, 0.67]",0.05,0.5,Exhaustive,86,367,59,118,249,27,0.682260313034662,0.293,0.449,0.68,0.32
20,"[1, 0.67]",[0.33],0.05,0.5,Exhaustive,139,314,95,108,206,44,0.6697520964120425,0.315,0.556,0.664,0.336
20,[1],[0.33],0.1,0.6,Moderate,36,77,29,29,48,7,0.7144660894660895,0.4,0.617,0.681,0.319
20,[1],"[0.33, 0.67]",0.1,0.6,Moderate,44,89,33,37,52,11,0.6671348314606742,0.315,0.579,0.639,0.361
20,"[1, 0.67]",[0.33],0.1,0.6,Moderate,68,65,42,23,42,26,0.6319004524886878,0.264,0.632,0.632,0.368
20,[1],[0.33],0.1,0.6,Strict,36,77,27,27,50,9,0.6996753246753247,0.373,0.6,0.681,0.319
20,[1],"[0.33, 0.67]",0.1,0.6,Strict,44,89,31,29,60,13,0.6893513789581205,0.358,0.596,0.684,0.316
20,"[1, 0.67]",[0.33],0.1,0.6,Strict,68,65,36,23,42,32,0.5877828054298642,0.177,0.567,0.586,0.414
20,[1],[0.33],0.1,0.6,Exhaustive,36,77,27,31,46,9,0.6737012987012987,0.324,0.574,0.646,0.354
20,[1],"[0.33, 0.67]",0.1,0.6,Exhaustive,44,89,31,35,54,13,0.6556435137895812,0.293,0.564,0.639,0.361
20,"[1, 0.67]",[0.33],0.1,0.6,Exhaustive,68,65,41,28,37,27,0.5860859728506788,0.172,0.599,0.586,0.414
20,[1],[0.33],0.1,0.5,Moderate,30,80,19,29,51,11,0.6354166666666666,0.243,0.487,0.636,0.364
20,[1],"[0.33, 0.67]",0.1,0.5,Moderate,30,99,21,32,67,9,0.6883838383838383,0.324,0.506,0.682,0.318
20,"[1, 0.67]",[0.33],0.1,0.5,Moderate,55,74,29,29,45,26,0.5676904176904177,0.135,0.513,0.574,0.426
20,[1],[0.33],0.1,0.5,Strict,30,80,15,24,56,15,0.5999999999999999,0.186,0.435,0.645,0.355
20,[1],"[0.33, 0.67]",0.1,0.5,Strict,30,99,16,32,67,14,0.605050505050505,0.184,0.41,0.643,0.357
20,"[1, 0.67]",[0.33],0.1,0.5,Strict,55,74,29,26,48,26,0.587960687960688,0.176,0.527,0.597,0.403
20,[1],[0.33],0.1,0.5,Exhaustive,30,80,17,25,55,13,0.6270833333333333,0.233,0.472,0.655,0.345
20,[1],"[0.33, 0.67]",0.1,0.5,Exhaustive,30,99,21,31,68,9,0.6934343434343434,0.333,0.512,0.69,0.31
20,"[1, 0.67]",[0.33],0.1,0.5,Exhaustive,55,74,31,31,43,24,0.5723587223587223,0.143,0.53,0.574,0.426
3247,[1],[0.33],0.01,0.6,Moderate,139,1073,108,242,831,31,0.7757212682789463,0.388,0.442,0.775,0.225
3247,[1],"[0.33, 0.67]",0.01,0.6,Moderate,131,1244,95,265,979,36,0.7560841658280356,0.342,0.387,0.781,0.219
3247,"[1, 0.67]",[0.33],0.01,0.6,Moderate,304,1071,196,301,770,108,0.6818455452356382,0.314,0.489,0.703,0.297
3247,[1],[0.33],0.01,0.6,Strict,139,1073,108,238,835,31,0.777585201177362,0.392,0.445,0.778,0.222
3247,[1],"[0.33, 0.67]",0.01,0.6,Strict,131,1244,95,263,981,36,0.756888024348936,0.344,0.389,0.783,0.217
3247,"[1, 0.67]",[0.33],0.01,0.6,Strict,304,1071,194,311,760,110,0.6738875374711287,0.299,0.48,0.694,0.306
3247,[1],[0.33],0.01,0.6,Exhaustive,139,1073,110,239,834,29,0.7843134625570746,0.4,0.451,0.779,0.221
3247,[1],"[0.33, 0.67]",0.01,0.6,Exhaustive,131,1244,92,261,983,39,0.7462415011904469,0.331,0.38,0.782,0.218
3247,"[1, 0.67]",[0.33],0.01,0.6,Exhaustive,304,1071,188,295,776,116,0.6714887709469752,0.298,0.478,0.701,0.299
3247,[1],[0.33],0.01,0.5,Moderate,132,1077,105,221,856,27,0.7951274584282941,0.415,0.459,0.795,0.205
3247,[1],"[0.33, 0.67]",0.01,0.5,Moderate,142,1229,109,245,984,33,0.7841282847614572,0.396,0.44,0.797,0.203
3247,"[1, 0.67]",[0.33],0.01,0.5,Moderate,308,1063,195,285,778,113,0.6825038789996456,0.319,0.495,0.71,0.29
3247,[1],[0.33],0.01,0.5,Strict,132,1077,104,225,852,28,0.7894825694268592,0.406,0.451,0.791,0.209
3247,[1],"[0.33, 0.67]",0.01,0.5,Strict,142,1229,111,272,957,31,0.7801859980059364,0.381,0.423,0.779,0.221
3247,"[1, 0.67]",[0.33],0.01,0.5,Strict,308,1063,200,287,776,108,0.6896800283441864,0.331,0.503,0.712,0.288
3247,[1],[0.33],0.01,0.5,Exhaustive,132,1077,106,231,846,26,0.7942728116822825,0.409,0.452,0.787,0.213
3247,[1],"[0.33, 0.67]",0.01,0.5,Exhaustive,142,1229,109,256,973,33,0.779653101685786,0.386,0.43,0.789,0.211
3247,"[1, 0.67]",[0.33],0.01,0.5,Exhaustive,308,1063,191,291,772,117,0.6731881711891119,0.303,0.484,0.702,0.298
3247,[1],[0.33],0.02,0.6,Moderate,107,1076,88,260,816,19,0.7903971094048571,0.366,0.387,0.764,0.236
3247,[1],"[0.33, 0.67]",0.02,0.6,Moderate,122,1221,92,302,919,30,0.7533800566587452,0.32,0.357,0.753,0.247
3247,"[1, 0.67]",[0.33],0.02,0.6,Moderate,278,1065,186,320,745,92,0.6842976323166818,0.308,0.474,0.693,0.307
3247,[1],[0.33],0.02,0.6,Strict,107,1076,88,263,813,19,0.7890030573602473,0.363,0.384,0.762,0.238
3247,[1],"[0.33, 0.67]",0.02,0.6,Strict,122,1221,94,311,910,28,0.757891274284717,0.323,0.357,0.748,0.252
3247,"[1, 0.67]",[0.33],0.02,0.6,Strict,278,1065,194,335,730,84,0.6916438680041882,0.318,0.481,0.688,0.312
3247,[1],[0.33],0.02,0.6,Exhaustive,107,1076,86,252,824,21,0.7847687871312927,0.362,0.387,0.769,0.231
3247,[1],"[0.33, 0.67]",0.02,0.6,Exhaustive,122,1221,94,300,921,28,0.7623957787892213,0.331,0.364,0.756,0.244
3247,"[1, 0.67]",[0.33],0.02,0.6,Exhaustive,278,1065,191,324,741,87,0.691412503799777,0.319,0.482,0.694,0.306
3247,[1],[0.33],0.02,0.5,Moderate,119,1060,93,259,801,26,0.7685864912002536,0.354,0.395,0.758,0.242
3247,[1],"[0.33, 0.67]",0.02,0.5,Moderate,134,1204,101,300,904,33,0.7522809540338177,0.331,0.378,0.751,0.249
3247,"[1, 0.67]",[0.33],0.02,0.5,Moderate,294,1044,185,309,735,109,0.6666373445930096,0.286,0.47,0.688,0.312
3247,[1],[0.33],0.02,0.5,Strict,119,1060,94,259,801,25,0.7727881718725225,0.359,0.398,0.759,0.241
3247,[1],"[0.33, 0.67]",0.02,0.5,Strict,134,1204,103,306,898,31,0.7572519462488223,0.335,0.379,0.748,0.252
3247,"[1, 0.67]",[0.33],0.02,0.5,Strict,294,1044,193,306,738,101,0.6816795683790757,0.311,0.487,0.696,0.304
3247,[1],[0.33],0.02,0.5,Exhaustive,119,1060,92,255,805,27,0.766271602980815,0.352,0.395,0.761,0.239
3247,[1],"[0.33, 0.67]",0.02,0.5,Exhaustive,134,1204,101,308,896,33,0.748958694897605,0.324,0.372,0.745,0.255
3247,"[1, 0.67]",[0.33],0.02,0.5,Exhaustive,294,1044,188,318,726,106,0.66742904058175,0.286,0.47,0.683,0.317
3247,[1],[0.33],0.05,0.6,Moderate,79,314,54,83,231,25,0.7096065468031927,0.353,0.5,0.725,0.275
3247,[1],"[0.33, 0.67]",0.05,0.6,Moderate,85,372,64,116,256,21,0.7205566097406706,0.351,0.483,0.7,0.3
3247,"[1, 0.67]",[0.33],0.05,0.6,Moderate,156,301,107,117,184,49,0.6485965584802794,0.282,0.563,0.637,0.363
3247,[1],[0.33],0.05,0.6,Strict,79,314,58,90,224,21,0.7237765056841087,0.37,0.511,0.718,0.282
3247,[1],"[0.33, 0.67]",0.05,0.6,Strict,85,372,69,129,243,16,0.7324952561669829,0.365,0.488,0.683,0.317
3247,"[1, 0.67]",[0.33],0.05,0.6,Strict,156,301,107,115,186,49,0.6519188176164921,0.288,0.566,0.641,0.359
3247,[1],[0.33],0.05,0.6,Exhaustive,79,314,57,82,232,22,0.7301862452632428,0.386,0.523,0.735,0.265
3247,[1],"[0.33, 0.67]",0.05,0.6,Exhaustive,85,372,68,127,245,17,0.7293010752688174,0.361,0.486,0.685,0.315
3247,"[1, 0.67]",[0.33],0.05,0.6,Exhaustive,156,301,101,109,192,55,0.6426548257943605,0.271,0.552,0.641,0.359
3247,[1],[0.33],0.05,0.5,Moderate,72,318,58,89,229,14,0.7628406708595387,0.421,0.53,0.736,0.264
3247,[1],"[0.33, 0.67]",0.05,0.5,Moderate,80,373,60,123,250,20,0.7101206434316354,0.327,0.456,0.684,0.316
3247,"[1, 0.67]",[0.33],0.05,0.5,Moderate,151,302,105,124,178,46,0.6423841059602649,0.268,0.553,0.625,0.375
3247,[1],[0.33],0.05,0.5,Strict,72,318,54,94,224,18,0.7272012578616354,0.363,0.491,0.713,0.287
3247,[1],"[0.33, 0.67]",0.05,0.5,Strict,80,373,60,126,247,20,0.7060991957104558,0.32,0.451,0.678,0.322
3247,"[1, 0.67]",[0.33],0.05,0.5,Strict,151,302,102,116,186,49,0.6456953642384106,0.275,0.553,0.636,0.364
3247,[1],[0.33],0.05,0.5,Exhaustive,72,318,54,87,231,18,0.7382075471698113,0.385,0.507,0.731,0.269
3247,[1],"[0.33, 0.67]",0.05,0.5,Exhaustive,80,373,61,131,242,19,0.7056467828418229,0.317,0.449,0.669,0.331
3247,"[1, 0.67]",[0.33],0.05,0.5,Exhaustive,151,302,105,117,185,46,0.6539735099337748,0.29,0.563,0.64,0.36
3247,[1],[0.33],0.1,0.6,Moderate,38,75,27,28,47,11,0.6685964912280702,0.319,0.581,0.655,0.345
3247,[1],"[0.33, 0.67]",0.1,0.6,Moderate,42,91,32,34,57,10,0.6941391941391941,0.361,0.593,0.669,0.331
3247,"[1, 0.67]",[0.33],0.1,0.6,Moderate,67,66,45,27,39,22,0.6312754409769334,0.263,0.647,0.632,0.368
3247,[1],[0.33],0.1,0.6,Strict,38,75,28,29,46,10,0.6750877192982456,0.331,0.589,0.655,0.345
3247,[1],"[0.33, 0.67]",0.1,0.6,Strict,42,91,33,37,54,9,0.6895604395604396,0.353,0.589,0.654,0.346
3247,"[1, 0.67]",[0.33],0.1,0.6,Strict,67,66,42,29,37,25,0.5937358661239258,0.188,0.609,0.594,0.406
3247,[1],[0.33],0.1,0.6,Exhaustive,38,75,27,25,50,11,0.6885964912280703,0.358,0.6,0.681,0.319
3247,[1],"[0.33, 0.67]",0.1,0.6,Exhaustive,42,91,32,37,54,10,0.6776556776556777,0.331,0.577,0.647,0.353
3247,"[1, 0.67]",[0.33],0.1,0.6,Exhaustive,67,66,45,33,33,22,0.585820895522388,0.174,0.621,0.586,0.414
3247,[1],[0.33],0.1,0.5,Moderate,38,72,25,24,48,13,0.662280701754386,0.311,0.575,0.664,0.336
3247,[1],"[0.33, 0.67]",0.1,0.5,Moderate,33,96,23,29,67,10,0.6974431818181819,0.351,0.541,0.698,0.302
3247,"[1, 0.67]",[0.33],0.1,0.5,Moderate,54,75,38,31,44,16,0.6451851851851852,0.287,0.618,0.636,0.364
3247,[1],[0.33],0.1,0.5,Strict,38,72,27,22,50,11,0.702485380116959,0.387,0.621,0.7,0.3
3247,[1],"[0.33, 0.67]",0.1,0.5,Strict,33,96,21,36,60,12,0.6306818181818181,0.23,0.467,0.628,0.372
3247,"[1, 0.67]",[0.33],0.1,0.5,Strict,54,75,36,39,36,18,0.5733333333333333,0.147,0.558,0.558,0.442
3247,[1],[0.33],0.1,0.5,Exhaustive,38,72,25,21,51,13,0.6831140350877192,0.353,0.595,0.691,0.309
3247,[1],"[0.33, 0.67]",0.1,0.5,Exhaustive,33,96,25,33,63,8,0.7069128787878788,0.363,0.549,0.682,0.318
3247,"[1, 0.67]",[0.33],0.1,0.5,Exhaustive,54,75,37,33,42,17,0.6225925925925926,0.243,0.597,0.612,0.388
24,[1],[0.33],0.01,0.6,Moderate,128,1084,90,197,887,38,0.7606953413284132,0.377,0.434,0.806,0.194
24,[1],"[0.33, 0.67]",0.01,0.6,Moderate,138,1237,107,311,926,31,0.76197380291261,0.342,0.385,0.751,0.249
24,"[1, 0.67]",[0.33],0.01,0.6,Moderate,302,1073,213,316,757,89,0.7053983076476796,0.35,0.513,0.705,0.295
24,[1],[0.33],0.01,0.6,Strict,128,1084,91,208,876,37,0.7595277905904059,0.37,0.426,0.798,0.202
24,[1],"[0.33, 0.67]",0.01,0.6,Strict,138,1237,106,289,948,32,0.7672430963176455,0.355,0.398,0.767,0.233
24,"[1, 0.67]",[0.33],0.01,0.6,Strict,302,1073,215,334,739,87,0.7003218678829548,0.339,0.505,0.694,0.306
24,[1],[0.33],0.01,0.6,Exhaustive,128,1084,93,197,887,35,0.7724140913284132,0.392,0.445,0.809,0.191
24,[1],"[0.33, 0.67]",0.01,0.6,Exhaustive,138,1237,98,295,942,40,0.7358323667592235,0.314,0.369,0.756,0.244
24,"[1, 0.67]",[0.33],0.01,0.6,Exhaustive,302,1073,212,323,750,90,0.7004807959363794,0.34,0.507,0.7,0.3
24,[1],[0.33],0.01,0.5,Moderate,129,1080,100,242,838,29,0.7755598621877692,0.378,0.425,0.776,0.224
24,[1],"[0.33, 0.67]",0.01,0.5,Moderate,136,1235,105,289,946,31,0.7690253631817099,0.355,0.396,0.767,0.233
24,"[1, 0.67]",[0.33],0.01,0.5,Moderate,301,1070,212,343,727,89,0.6918790946067623,0.324,0.495,0.685,0.315
24,[1],[0.33],0.01,0.5,Strict,129,1080,102,258,822,27,0.7759043927648579,0.373,0.417,0.764,0.236
24,[1],"[0.33, 0.67]",0.01,0.5,Strict,136,1235,101,290,945,35,0.7539146225291736,0.336,0.383,0.763,0.237
24,"[1, 0.67]",[0.33],0.01,0.5,Strict,301,1070,214,345,725,87,0.6942667743037229,0.327,0.498,0.685,0.315
24,[1],[0.33],0.01,0.5,Exhaustive,129,1080,101,238,842,28,0.7812876830318691,0.387,0.432,0.78,0.22
24,[1],"[0.33, 0.67]",0.01,0.5,Exhaustive,136,1235,106,284,951,30,0.7747261252679208,0.364,0.403,0.771,0.229
24,"[1, 0.67]",[0.33],0.01,0.5,Exhaustive,301,1070,209,348,722,92,0.6845592573043128,0.311,0.487,0.679,0.321
24,[1],[0.33],0.02,0.6,Moderate,111,1072,84,246,826,27,0.7636395724082292,0.343,0.381,0.769,0.231
24,[1],"[0.33, 0.67]",0.02,0.6,Moderate,130,1213,107,332,881,23,0.7746876783562686,0.346,0.376,0.736,0.264
24,"[1, 0.67]",[0.33],0.02,0.6,Moderate,285,1058,203,324,734,82,0.7030212582495936,0.34,0.5,0.698,0.302
24,[1],[0.33],0.02,0.6,Strict,111,1072,79,232,840,32,0.7476469006319753,0.328,0.374,0.777,0.223
24,[1],"[0.33, 0.67]",0.02,0.6,Strict,130,1213,107,333,880,23,0.7742754772021053,0.346,0.375,0.735,0.265
24,"[1, 0.67]",[0.33],0.02,0.6,Strict,285,1058,204,319,739,81,0.7071385931748085,0.347,0.505,0.702,0.298
24,[1],[0.33],0.02,0.6,Exhaustive,111,1072,82,242,830,29,0.7564962350410112,0.335,0.377,0.771,0.229
24,[1],"[0.33, 0.67]",0.02,0.6,Exhaustive,130,1213,107,333,880,23,0.7742754772021053,0.346,0.375,0.735,0.265
24,"[1, 0.67]",[0.33],0.02,0.6,Exhaustive,285,1058,197,322,736,88,0.693440122044241,0.325,0.49,0.695,0.305
24,[1],[0.33],0.02,0.5,Moderate,108,1071,81,232,839,27,0.7666900093370682,0.348,0.385,0.78,0.22
24,[1],"[0.33, 0.67]",0.02,0.5,Moderate,129,1209,102,313,896,27,0.7659030142150922,0.339,0.375,0.746,0.254
24,"[1, 0.67]",[0.33],0.02,0.5,Moderate,294,1044,199,353,691,95,0.6693740714676675,0.285,0.47,0.665,0.335
24,[1],[0.33],0.02,0.5,Strict,108,1071,80,227,844,28,0.764394646747588,0.348,0.386,0.784,0.216
24,[1],"[0.33, 0.67]",0.02,0.5,Strict,129,1209,105,319,890,24,0.7750495316136727,0.349,0.38,0.744,0.256
24,"[1, 0.67]",[0.33],0.02,0.5,Strict,294,1044,203,340,704,91,0.6824028461959497,0.308,0.485,0.678,0.322
24,[1],[0.33],0.02,0.5,Exhaustive,108,1071,83,238,833,25,0.7731481481481481,0.354,0.387,0.777,0.223
24,[1],"[0.33, 0.67]",0.02,0.5,Exhaustive,129,1209,102,314,895,27,0.7654894492853983,0.339,0.374,0.745,0.255
24,"[1, 0.67]",[0.33],0.02,0.5,Exhaustive,294,1044,204,335,709,90,0.6864981624833841,0.315,0.49,0.682,0.318
24,[1],[0.33],0.05,0.6,Moderate,73,320,47,70,250,26,0.712542808219178,0.362,0.495,0.756,0.244
24,[1],"[0.33, 0.67]",0.05,0.6,Moderate,86,371,58,108,263,28,0.6916567416786812,0.312,0.46,0.702,0.298
24,"[1, 0.67]",[0.33],0.05,0.6,Moderate,153,304,96,105,199,57,0.6410281217750258,0.268,0.542,0.646,0.354
24,[1],[0.33],0.05,0.6,Strict,73,320,50,76,244,23,0.7237157534246575,0.373,0.503,0.748,0.252
24,[1],"[0.33, 0.67]",0.05,0.6,Strict,86,371,65,109,262,21,0.731006707202407,0.372,0.5,0.716,0.284
24,"[1, 0.67]",[0.33],0.05,0.6,Strict,153,304,92,91,213,61,0.6509825421396629,0.291,0.548,0.667,0.333
24,[1],[0.33],0.05,0.6,Exhaustive,73,320,48,69,251,25,0.7209546232876712,0.376,0.505,0.761,0.239
24,[1],"[0.33, 0.67]",0.05,0.6,Exhaustive,86,371,60,100,271,26,0.7140663198144549,0.351,0.488,0.724,0.276
24,"[1, 0.67]",[0.33],0.05,0.6,Exhaustive,153,304,96,109,195,57,0.6344491744066048,0.255,0.536,0.637,0.363
24,[1],[0.33],0.05,0.5,Moderate,75,315,53,84,231,22,0.72,0.363,0.5,0.728,0.272
24,[1],"[0.33, 0.67]",0.05,0.5,Moderate,69,384,44,97,287,25,0.6925384963768115,0.299,0.419,0.731,0.269
24,"[1, 0.67]",[0.33],0.05,0.5,Moderate,136,317,89,106,211,47,0.6600134533308591,0.296,0.538,0.662,0.338
24,[1],[0.33],0.05,0.5,Strict,75,315,56,89,226,19,0.7320634920634921,0.378,0.509,0.723,0.277
24,[1],"[0.33, 0.67]",0.05,0.5,Strict,69,384,45,101,283,24,0.6945765398550725,0.299,0.419,0.724,0.276
24,"[1, 0.67]",[0.33],0.05,0.5,Strict,136,317,84,118,199,52,0.62270365559473,0.226,0.497,0.625,0.375
24,[1],[0.33],0.05,0.5,Exhaustive,75,315,51,85,230,24,0.7050793650793652,0.339,0.483,0.721,0.279
24,[1],"[0.33, 0.67]",0.05,0.5,Exhaustive,69,384,45,97,287,24,0.6997848731884058,0.309,0.427,0.733,0.267
24,"[1, 0.67]",[0.33],0.05,0.5,Exhaustive,136,317,83,100,217,53,0.6474183521989236,0.275,0.52,0.662,0.338
24,[1],[0.33],0.1,0.6,Moderate,28,85,22,27,58,6,0.7340336134453781,0.408,0.571,0.708,0.292
24,[1],"[0.33, 0.67]",0.1,0.6,Moderate,39,94,29,31,63,10,0.7069012547735953,0.379,0.586,0.692,0.308
24,"[1, 0.67]",[0.33],0.1,0.6,Moderate,57,76,32,32,44,25,0.5701754385964912,0.139,0.529,0.571,0.429
24,[1],[0.33],0.1,0.6,Strict,28,85,19,27,58,9,0.6804621848739496,0.317,0.514,0.681,0.319
24,[1],"[0.33, 0.67]",0.1,0.6,Strict,39,94,29,34,60,10,0.6909438079650847,0.348,0.569,0.669,0.331
24,"[1, 0.67]",[0.33],0.1,0.6,Strict,57,76,26,38,38,31,0.47807017543859653,-0.043,0.43,0.481,0.519
24,[1],[0.33],0.1,0.6,Exhaustive,28,85,23,28,57,5,0.7460084033613446,0.427,0.582,0.708,0.292
24,[1],"[0.33, 0.67]",0.1,0.6,Exhaustive,39,94,28,36,58,11,0.6674849972722313,0.305,0.544,0.647,0.353
24,"[1, 0.67]",[0.33],0.1,0.6,Exhaustive,57,76,36,34,42,21,0.5921052631578947,0.183,0.567,0.586,0.414
24,[1],[0.33],0.1,0.5,Moderate,33,77,21,26,51,12,0.6493506493506492,0.277,0.525,0.655,0.345
24,[1],"[0.33, 0.67]",0.1,0.5,Moderate,42,87,26,36,51,16,0.6026272577996716,0.193,0.5,0.597,0.403
24,"[1, 0.67]",[0.33],0.1,0.5,Moderate,60,69,40,30,39,20,0.6159420289855073,0.232,0.615,0.612,0.388
24,[1],[0.33],0.1,0.5,Strict,33,77,19,28,49,14,0.6060606060606061,0.197,0.475,0.618,0.382
24,[1],"[0.33, 0.67]",0.1,0.5,Strict,42,87,25,39,48,17,0.5734811165845649,0.138,0.472,0.566,0.434
24,"[1, 0.67]",[0.33],0.1,0.5,Strict,60,69,40,34,35,20,0.5869565217391304,0.175,0.597,0.581,0.419
24,[1],[0.33],0.1,0.5,Exhaustive,33,77,23,20,57,10,0.7186147186147186,0.411,0.605,0.727,0.273
24,[1],"[0.33, 0.67]",0.1,0.5,Exhaustive,42,87,27,36,51,15,0.6145320197044335,0.215,0.514,0.605,0.395
24,"[1, 0.67]",[0.33],0.1,0.5,Exhaustive,60,69,36,32,37,24,0.5681159420289855,0.136,0.562,0.566,0.434
4501,[1],[0.33],0.01,0.6,Moderate,142,1070,105,222,848,37,0.7659799921021455,0.385,0.448,0.786,0.214
4501,[1],"[0.33, 0.67]",0.01,0.6,Moderate,145,1230,111,285,945,34,0.7669049621530698,0.362,0.41,0.768,0.232
4501,"[1, 0.67]",[0.33],0.01,0.6,Moderate,293,1082,205,312,770,88,0.7056519023676291,0.348,0.506,0.709,0.291
4501,[1],[0.33],0.01,0.6,Strict,142,1070,109,225,845,33,0.7786626299855206,0.401,0.458,0.787,0.213
4501,[1],"[0.33, 0.67]",0.01,0.6,Strict,145,1230,111,280,950,34,0.768937482478273,0.366,0.414,0.772,0.228
4501,"[1, 0.67]",[0.33],0.01,0.6,Strict,293,1082,198,295,787,95,0.7015623324269934,0.344,0.504,0.716,0.284
4501,[1],[0.33],0.01,0.6,Exhaustive,142,1070,105,230,840,37,0.7622416743451362,0.377,0.44,0.78,0.22
4501,[1],"[0.33, 0.67]",0.01,0.6,Exhaustive,145,1230,107,278,952,38,0.7559573871600784,0.35,0.404,0.77,0.23
4501,"[1, 0.67]",[0.33],0.01,0.6,Exhaustive,293,1082,205,298,784,88,0.7121214032918437,0.361,0.515,0.719,0.281
4501,[1],[0.33],0.01,0.5,Moderate,136,1073,103,234,839,33,0.7696363960309195,0.38,0.436,0.779,0.221
4501,[1],"[0.33, 0.67]",0.01,0.5,Moderate,138,1233,106,292,941,32,0.7656475898303889,0.352,0.396,0.764,0.236
4501,"[1, 0.67]",[0.33],0.01,0.5,Moderate,296,1075,196,291,784,100,0.6957322438717788,0.337,0.501,0.715,0.285
4501,[1],[0.33],0.01,0.5,Strict,136,1073,103,235,838,33,0.7691704128063155,0.379,0.435,0.778,0.222
4501,[1],"[0.33, 0.67]",0.01,0.5,Strict,138,1233,108,300,933,30,0.7696498466095418,0.355,0.396,0.759,0.241
4501,"[1, 0.67]",[0.33],0.01,0.5,Strict,296,1075,195,287,788,101,0.6959035197988687,0.338,0.501,0.717,0.283
4501,[1],[0.33],0.01,0.5,Exhaustive,136,1073,99,232,841,37,0.755862480127186,0.363,0.424,0.778,0.222
4501,[1],"[0.33, 0.67]",0.01,0.5,Exhaustive,138,1233,104,300,933,34,0.7551570929863536,0.337,0.384,0.756,0.244
4501,"[1, 0.67]",[0.33],0.01,0.5,Exhaustive,296,1075,201,302,773,95,0.6990619107479572,0.34,0.503,0.71,0.29
4501,[1],[0.33],0.02,0.6,Moderate,126,1057,99,245,812,27,0.7769631031220434,0.376,0.421,0.77,0.23
4501,[1],"[0.33, 0.67]",0.02,0.6,Moderate,118,1225,89,299,926,29,0.755077827741266,0.319,0.352,0.756,0.244
4501,"[1, 0.67]",[0.33],0.02,0.6,Moderate,314,1029,193,310,719,121,0.6566931595204052,0.274,0.472,0.679,0.321
4501,[1],[0.33],0.02,0.6,Strict,126,1057,101,247,810,25,0.7839535372647956,0.384,0.426,0.77,0.23
4501,[1],"[0.33, 0.67]",0.02,0.6,Strict,118,1225,87,315,910,31,0.7400726392251816,0.297,0.335,0.742,0.258
4501,"[1, 0.67]",[0.33],0.02,0.6,Strict,314,1029,204,330,699,110,0.6644909101038049,0.285,0.481,0.672,0.328
4501,[1],[0.33],0.02,0.6,Exhaustive,126,1057,101,244,813,25,0.7853726479554295,0.387,0.429,0.773,0.227
4501,[1],"[0.33, 0.67]",0.02,0.6,Exhaustive,118,1225,87,312,913,31,0.7412971290211,0.299,0.337,0.745,0.255
4501,"[1, 0.67]",[0.33],0.02,0.6,Exhaustive,314,1029,194,292,737,120,0.6670318718934344,0.294,0.485,0.693,0.307
4501,[1],[0.33],0.02,0.5,Moderate,110,1069,88,245,824,22,0.7854069223573433,0.369,0.397,0.774,0.226
4501,[1],"[0.33, 0.67]",0.02,0.5,Moderate,109,1229,77,305,924,32,0.7291263875306992,0.278,0.314,0.748,0.252
4501,"[1, 0.67]",[0.33],0.02,0.5,Moderate,274,1064,172,317,747,102,0.6649024477251523,0.276,0.451,0.687,0.313
4501,[1],[0.33],0.02,0.5,Strict,110,1069,86,227,842,24,0.7847350965218131,0.375,0.407,0.787,0.213
4501,[1],"[0.33, 0.67]",0.02,0.5,Strict,109,1229,81,297,932,28,0.7507296899843985,0.305,0.333,0.757,0.243
4501,"[1, 0.67]",[0.33],0.02,0.5,Strict,274,1064,176,348,716,98,0.6576340486252127,0.261,0.441,0.667,0.333
4501,[1],[0.33],0.02,0.5,Exhaustive,110,1069,88,245,824,22,0.7854069223573433,0.369,0.397,0.774,0.226
4501,[1],"[0.33, 0.67]",0.02,0.5,Exhaustive,109,1229,79,299,930,30,0.7407417084076708,0.293,0.324,0.754,0.246
4501,"[1, 0.67]",[0.33],0.02,0.5,Exhaustive,274,1064,166,313,751,108,0.6558332418637836,0.262,0.441,0.685,0.315
4501,[1],[0.33],0.05,0.6,Moderate,66,327,46,81,246,20,0.7246316374756742,0.359,0.477,0.743,0.257
4501,[1],"[0.33, 0.67]",0.05,0.6,Moderate,77,380,47,105,275,30,0.667036910457963,0.265,0.41,0.705,0.295
4501,"[1, 0.67]",[0.33],0.05,0.6,Moderate,146,311,86,106,205,60,0.6241025415143374,0.234,0.509,0.637,0.363
4501,[1],[0.33],0.05,0.6,Strict,66,327,45,89,238,21,0.7048234639977758,0.323,0.45,0.72,0.28
4501,[1],"[0.33, 0.67]",0.05,0.6,Strict,77,380,54,106,274,23,0.7111756664388243,0.331,0.456,0.718,0.282
4501,"[1, 0.67]",[0.33],0.05,0.6,Strict,146,311,91,98,213,55,0.6540875655199754,0.292,0.543,0.665,0.335
4501,[1],[0.33],0.05,0.6,Exhaustive,66,327,44,80,247,22,0.7110091743119266,0.339,0.463,0.74,0.26
4501,[1],"[0.33, 0.67]",0.05,0.6,Exhaustive,77,380,51,111,269,26,0.6851161995898838,0.29,0.427,0.7,0.3
4501,"[1, 0.67]",[0.33],0.05,0.6,Exhaustive,146,311,92,101,210,54,0.65268907192882,0.288,0.543,0.661,0.339
4501,[1],[0.33],0.05,0.5,Moderate,63,327,42,79,248,21,0.7125382262996941,0.338,0.457,0.744,0.256
4501,[1],"[0.33, 0.67]",0.05,0.5,Moderate,89,364,59,97,267,30,0.6982189159155452,0.331,0.482,0.72,0.28
4501,"[1, 0.67]",[0.33],0.05,0.5,Moderate,145,308,98,127,181,47,0.6317622033139274,0.246,0.53,0.616,0.384
4501,[1],[0.33],0.05,0.5,Strict,63,327,40,80,247,23,0.6951361584389107,0.311,0.437,0.736,0.264
4501,[1],"[0.33, 0.67]",0.05,0.5,Strict,89,364,66,120,244,23,0.7059513520187679,0.333,0.48,0.684,0.316
4501,"[1, 0.67]",[0.33],0.05,0.5,Strict,145,308,104,122,186,41,0.6605687416032244,0.3,0.561,0.64,0.36
4501,[1],[0.33],0.05,0.5,Exhaustive,63,327,40,75,252,23,0.7027814183777488,0.327,0.449,0.749,0.251
4501,[1],"[0.33, 0.67]",0.05,0.5,Exhaustive,89,364,58,107,257,31,0.6788646746511915,0.295,0.457,0.695,0.305
4501,"[1, 0.67]",[0.33],0.05,0.5,Exhaustive,145,308,98,125,183,47,0.6350089565606807,0.252,0.533,0.62,0.38
4501,[1],[0.33],0.1,0.6,Moderate,36,77,25,32,45,11,0.6394300144300145,0.26,0.538,0.619,0.381
4501,[1],"[0.33, 0.67]",0.1,0.6,Moderate,39,94,26,37,57,13,0.6365248226950355,0.249,0.51,0.624,0.376
4501,"[1, 0.67]",[0.33],0.1,0.6,Moderate,60,73,35,40,33,25,0.5176940639269407,0.036,0.519,0.511,0.489
4501,[1],[0.33],0.1,0.6,Strict,36,77,26,38,39,10,0.6143578643578644,0.215,0.52,0.575,0.425
4501,[1],"[0.33, 0.67]",0.1,0.6,Strict,39,94,25,36,58,14,0.6290234588106929,0.236,0.5,0.624,0.376
4501,"[1, 0.67]",[0.33],0.1,0.6,Strict,60,73,31,38,35,29,0.49805936073059365,-0.004,0.481,0.496,0.504
4501,[1],[0.33],0.1,0.6,Exhaustive,36,77,26,29,48,10,0.6727994227994228,0.322,0.571,0.655,0.345
4501,[1],"[0.33, 0.67]",0.1,0.6,Exhaustive,39,94,26,37,57,13,0.6365248226950355,0.249,0.51,0.624,0.376
4501,"[1, 0.67]",[0.33],0.1,0.6,Exhaustive,60,73,39,42,31,21,0.5373287671232877,0.076,0.553,0.526,0.474
4501,[1],[0.33],0.1,0.5,Moderate,36,74,28,29,45,8,0.692942942942943,0.362,0.602,0.664,0.336
4501,[1],"[0.33, 0.67]",0.1,0.5,Moderate,28,101,22,43,58,6,0.67998585572843,0.297,0.473,0.62,0.38
4501,"[1, 0.67]",[0.33],0.1,0.5,Moderate,49,80,37,36,44,12,0.6525510204081633,0.299,0.607,0.628,0.372
4501,[1],[0.33],0.1,0.5,Strict,36,74,23,36,38,13,0.5762012012012011,0.143,0.484,0.555,0.445
4501,[1],"[0.33, 0.67]",0.1,0.5,Strict,28,101,24,46,55,4,0.7008486562942009,0.332,0.49,0.612,0.388
4501,"[1, 0.67]",[0.33],0.1,0.5,Strict,49,80,38,48,32,11,0.5877551020408164,0.181,0.563,0.543,0.457
4501,[1],[0.33],0.1,0.5,Exhaustive,36,74,28,34,40,8,0.6591591591591592,0.301,0.571,0.618,0.382
4501,[1],"[0.33, 0.67]",0.1,0.5,Exhaustive,28,101,19,38,63,9,0.6511669024045261,0.251,0.447,0.636,0.364
4501,"[1, 0.67]",[0.33],0.1,0.5,Exhaustive,49,80,35,35,45,14,0.6383928571428572,0.27,0.588,0.62,0.38
9879,[1],[0.33],0.01,0.6,Moderate,138,1074,101,240,834,37,0.7542101854100883,0.359,0.422,0.771,0.229
9879,[1],"[0.33, 0.67]",0.01,0.6,Moderate,136,1239,111,287,952,25,0.7922690262545697,0.385,0.416,0.773,0.227
9879,"[1, 0.67]",[0.33],0.01,0.6,Moderate,296,1079,204,310,769,92,0.7009430654008968,0.341,0.504,0.708,0.292
9879,[1],[0.33],0.01,0.6,Strict,138,1074,100,244,830,38,0.7487247996113676,0.35,0.415,0.767,0.233
9879,[1],"[0.33, 0.67]",0.01,0.6,Strict,136,1239,107,290,949,29,0.7763524901486019,0.364,0.402,0.768,0.232
9879,"[1, 0.67]",[0.33],0.01,0.6,Strict,296,1079,202,322,757,94,0.6920039826666333,0.325,0.493,0.697,0.303
9879,[1],[0.33],0.01,0.6,Exhaustive,138,1074,95,225,849,43,0.7394542951987694,0.345,0.415,0.779,0.221
9879,[1],"[0.33, 0.67]",0.01,0.6,Exhaustive,136,1239,108,302,937,28,0.7751863457247306,0.359,0.396,0.76,0.24
9879,"[1, 0.67]",[0.33],0.01,0.6,Exhaustive,296,1079,195,313,766,101,0.6843501866092228,0.314,0.485,0.699,0.301
9879,[1],[0.33],0.01,0.5,Moderate,140,1069,115,245,824,25,0.796121208071629,0.414,0.46,0.777,0.223
9879,[1],"[0.33, 0.67]",0.01,0.5,Moderate,128,1243,95,281,962,33,0.7580607652855993,0.337,0.377,0.771,0.229
9879,"[1, 0.67]",[0.33],0.01,0.5,Moderate,284,1087,175,324,763,109,0.6590645529108413,0.268,0.447,0.684,0.316
9879,[1],[0.33],0.01,0.5,Strict,140,1069,113,253,816,27,0.7852365361486036,0.397,0.447,0.768,0.232
9879,[1],"[0.33, 0.67]",0.01,0.5,Strict,128,1243,95,286,957,33,0.7560495022123893,0.333,0.373,0.767,0.233
9879,"[1, 0.67]",[0.33],0.01,0.5,Strict,284,1087,176,331,756,108,0.6576052450859712,0.265,0.445,0.68,0.32
9879,[1],[0.33],0.01,0.5,Exhaustive,140,1069,110,252,817,30,0.7749899772818388,0.384,0.438,0.767,0.233
9879,[1],"[0.33, 0.67]",0.01,0.5,Exhaustive,128,1243,97,289,954,31,0.7626552443684633,0.34,0.377,0.767,0.233
9879,"[1, 0.67]",[0.33],0.01,0.5,Exhaustive,284,1087,174,327,760,110,0.6559240447283516,0.262,0.443,0.681,0.319
9879,[1],[0.33],0.02,0.6,Moderate,118,1065,95,233,832,23,0.7931527015198536,0.392,0.426,0.784,0.216
9879,[1],"[0.33, 0.67]",0.02,0.6,Moderate,116,1227,90,292,935,26,0.768941629429784,0.335,0.361,0.763,0.237
9879,"[1, 0.67]",[0.33],0.02,0.6,Moderate,264,1079,180,323,756,84,0.6912334653298507,0.314,0.469,0.697,0.303
9879,[1],[0.33],0.02,0.6,Strict,118,1065,96,229,836,22,0.7992679239277474,0.402,0.433,0.788,0.212
9879,[1],"[0.33, 0.67]",0.02,0.6,Strict,116,1227,82,305,922,34,0.7291613972964619,0.284,0.326,0.748,0.252
9879,"[1, 0.67]",[0.33],0.02,0.6,Strict,264,1079,179,324,755,85,0.6888761339062544,0.31,0.467,0.695,0.305
9879,[1],[0.33],0.02,0.6,Exhaustive,118,1065,93,233,832,25,0.7846781252486672,0.382,0.419,0.782,0.218
9879,[1],"[0.33, 0.67]",0.02,0.6,Exhaustive,116,1227,90,291,936,26,0.7693491273922941,0.336,0.362,0.764,0.236
9879,"[1, 0.67]",[0.33],0.02,0.6,Exhaustive,264,1079,180,310,769,84,0.697257561715393,0.326,0.477,0.707,0.293
9879,[1],[0.33],0.02,0.5,Moderate,115,1064,90,237,827,25,0.7799321673749591,0.371,0.407,0.778,0.222
9879,[1],"[0.33, 0.67]",0.02,0.5,Moderate,119,1219,94,321,898,25,0.7632926837675185,0.324,0.352,0.741,0.259
9879,"[1, 0.67]",[0.33],0.02,0.5,Moderate,279,1059,180,318,741,99,0.6724390021018002,0.29,0.463,0.688,0.312
9879,[1],[0.33],0.02,0.5,Strict,115,1064,97,241,823,18,0.8084872507355345,0.405,0.428,0.78,0.22
9879,[1],"[0.33, 0.67]",0.02,0.5,Strict,119,1219,94,316,903,25,0.7653435451292904,0.328,0.355,0.745,0.255
9879,"[1, 0.67]",[0.33],0.02,0.5,Strict,279,1059,186,319,740,93,0.6827195467422096,0.306,0.474,0.692,0.308
9879,[1],[0.33],0.02,0.5,Exhaustive,115,1064,90,246,818,25,0.7757028440666885,0.362,0.399,0.77,0.23
9879,[1],"[0.33, 0.67]",0.02,0.5,Exhaustive,119,1219,98,324,895,21,0.7788688896395309,0.342,0.362,0.742,0.258
9879,"[1, 0.67]",[0.33],0.02,0.5,Exhaustive,279,1059,182,318,741,97,0.6760232314924813,0.296,0.467,0.69,0.31
9879,[1],[0.33],0.05,0.6,Moderate,79,314,57,89,225,22,0.719039748447956,0.363,0.507,0.718,0.282
9879,[1],"[0.33, 0.67]",0.05,0.6,Moderate,72,385,45,112,273,27,0.6670454545454546,0.256,0.393,0.696,0.304
9879,"[1, 0.67]",[0.33],0.05,0.6,Moderate,140,317,87,120,197,53,0.6214398377647589,0.225,0.501,0.621,0.379
9879,[1],[0.33],0.05,0.6,Strict,79,314,59,99,215,20,0.7157744094170764,0.353,0.498,0.697,0.303
9879,[1],"[0.33, 0.67]",0.05,0.6,Strict,72,385,46,120,265,26,0.6636002886002885,0.248,0.387,0.681,0.319
9879,"[1, 0.67]",[0.33],0.05,0.6,Strict,140,317,84,121,196,56,0.6091482649842271,0.202,0.487,0.613,0.387
9879,[1],[0.33],0.05,0.6,Exhaustive,79,314,57,85,229,22,0.7254091751995484,0.376,0.516,0.728,0.272
9879,[1],"[0.33, 0.67]",0.05,0.6,Exhaustive,72,385,44,114,271,28,0.6575036075036076,0.241,0.383,0.689,0.311
9879,"[1, 0.67]",[0.33],0.05,0.6,Exhaustive,140,317,85,106,211,55,0.6363789995493466,0.255,0.514,0.648,0.352
9879,[1],[0.33],0.05,0.5,Moderate,64,326,52,78,248,12,0.7866180981595092,0.45,0.536,0.769,0.231
9879,[1],"[0.33, 0.67]",0.05,0.5,Moderate,68,385,48,126,259,20,0.6893048128342246,0.278,0.397,0.678,0.322
9879,"[1, 0.67]",[0.33],0.05,0.5,Moderate,127,326,83,131,195,44,0.6258514081445341,0.226,0.487,0.614,0.386
9879,[1],[0.33],0.05,0.5,Strict,64,326,55,85,241,9,0.7993194018404908,0.462,0.539,0.759,0.241
9879,[1],"[0.33, 0.67]",0.05,0.5,Strict,68,385,49,129,256,19,0.6927616501145913,0.282,0.398,0.673,0.327
9879,"[1, 0.67]",[0.33],0.05,0.5,Strict,127,326,79,138,188,48,0.5993671803294527,0.179,0.459,0.589,0.411
9879,[1],[0.33],0.05,0.5,Exhaustive,64,326,48,84,242,16,0.7461656441717791,0.385,0.49,0.744,0.256
9879,[1],"[0.33, 0.67]",0.05,0.5,Exhaustive,68,385,49,118,267,19,0.7070473644003057,0.307,0.417,0.698,0.302
9879,"[1, 0.67]",[0.33],0.05,0.5,Exhaustive,127,326,79,126,200,48,0.6177720883049128,0.213,0.476,0.616,0.384
9879,[1],[0.33],0.1,0.6,Moderate,26,87,17,26,61,9,0.677497789566755,0.308,0.493,0.69,0.31
9879,[1],"[0.33, 0.67]",0.1,0.6,Moderate,37,96,18,35,61,19,0.5609515765765766,0.112,0.4,0.594,0.406
9879,"[1, 0.67]",[0.33],0.1,0.6,Moderate,57,76,30,35,41,27,0.5328947368421052,0.065,0.492,0.534,0.466
9879,[1],[0.33],0.1,0.6,Strict,26,87,14,32,55,12,0.5853227232537577,0.146,0.389,0.611,0.389
9879,[1],"[0.33, 0.67]",0.1,0.6,Strict,37,96,19,34,62,18,0.5796734234234233,0.146,0.422,0.609,0.391
9879,"[1, 0.67]",[0.33],0.1,0.6,Strict,57,76,31,33,43,26,0.5548245614035088,0.109,0.512,0.556,0.444
9879,[1],[0.33],0.1,0.6,Exhaustive,26,87,15,26,61,11,0.6390362511052166,0.243,0.448,0.673,0.327
9879,[1],"[0.33, 0.67]",0.1,0.6,Exhaustive,37,96,20,36,60,17,0.5827702702702703,0.15,0.43,0.602,0.398
9879,"[1, 0.67]",[0.33],0.1,0.6,Exhaustive,57,76,33,32,44,24,0.5789473684210527,0.156,0.541,0.579,0.421
9879,[1],[0.33],0.1,0.5,Moderate,28,82,22,30,52,6,0.7099303135888502,0.366,0.55,0.673,0.327
9879,[1],"[0.33, 0.67]",0.1,0.5,Moderate,35,94,24,36,58,11,0.6513677811550151,0.27,0.505,0.636,0.364
9879,"[1, 0.67]",[0.33],0.1,0.5,Moderate,57,72,39,32,40,18,0.6198830409356725,0.239,0.609,0.612,0.388
9879,[1],[0.33],0.1,0.5,Strict,28,82,21,36,46,7,0.6554878048780488,0.271,0.494,0.609,0.391
9879,[1],"[0.33, 0.67]",0.1,0.5,Strict,35,94,25,42,52,10,0.6337386018237083,0.238,0.49,0.597,0.403
9879,"[1, 0.67]",[0.33],0.1,0.5,Strict,57,72,35,35,37,22,0.5639619883040936,0.128,0.551,0.558,0.442
9879,[1],[0.33],0.1,0.5,Exhaustive,28,82,21,29,53,7,0.6981707317073171,0.347,0.538,0.673,0.327
9879,[1],"[0.33, 0.67]",0.1,0.5,Exhaustive,35,94,21,42,52,14,0.5765957446808511,0.136,0.429,0.566,0.434
9879,"[1, 0.67]",[0.33],0.1,0.5,Exhaustive,57,72,36,33,39,21,0.5866228070175439,0.172,0.571,0.581,0.419
878,[1],[0.33],0.01,0.6,Moderate,124,1088,101,211,877,23,0.810291152751423,0.43,0.463,0.807,0.193
878,[1],"[0.33, 0.67]",0.01,0.6,Moderate,129,1246,93,269,977,36,0.7525196909179139,0.334,0.379,0.778,0.222
878,"[1, 0.67]",[0.33],0.01,0.6,Moderate,296,1079,176,294,785,120,0.661060040578113,0.279,0.46,0.699,0.301
878,[1],[0.33],0.01,0.6,Strict,124,1088,102,221,867,22,0.8097278225806451,0.425,0.456,0.8,0.2
878,[1],"[0.33, 0.67]",0.01,0.6,Strict,129,1246,94,279,967,35,0.7523828188186693,0.331,0.375,0.772,0.228
878,"[1, 0.67]",[0.33],0.01,0.6,Strict,296,1079,184,309,770,112,0.66762267364677,0.287,0.466,0.694,0.306
878,[1],[0.33],0.01,0.6,Exhaustive,124,1088,105,229,859,19,0.8181481261859582,0.432,0.459,0.795,0.205
878,[1],"[0.33, 0.67]",0.01,0.6,Exhaustive,129,1246,92,269,977,37,0.748643721925666,0.33,0.376,0.777,0.223
878,"[1, 0.67]",[0.33],0.01,0.6,Exhaustive,296,1079,179,296,783,117,0.6652008240863663,0.286,0.464,0.7,0.3
878,[1],[0.33],0.01,0.5,Moderate,133,1076,105,228,848,28,0.7887888867149285,0.405,0.451,0.788,0.212
878,[1],"[0.33, 0.67]",0.01,0.5,Moderate,136,1235,102,286,949,34,0.7592105263157893,0.344,0.389,0.767,0.233
878,"[1, 0.67]",[0.33],0.01,0.5,Moderate,297,1074,194,332,742,103,0.6720369429866636,0.291,0.471,0.683,0.317
878,[1],[0.33],0.01,0.5,Strict,133,1076,107,226,850,26,0.7972370517371496,0.416,0.459,0.792,0.208
878,[1],"[0.33, 0.67]",0.01,0.5,Strict,136,1235,106,293,942,30,0.7710824005715646,0.357,0.396,0.764,0.236
878,"[1, 0.67]",[0.33],0.01,0.5,Strict,297,1074,209,349,725,88,0.6893751293192634,0.318,0.489,0.681,0.319
878,[1],[0.33],0.01,0.5,Exhaustive,133,1076,104,224,852,29,0.7868882242781675,0.404,0.451,0.791,0.209
878,[1],"[0.33, 0.67]",0.01,0.5,Exhaustive,136,1235,107,284,951,29,0.7784025958561562,0.369,0.406,0.772,0.228
878,"[1, 0.67]",[0.33],0.01,0.5,Exhaustive,297,1074,202,315,759,95,0.6934192953746027,0.329,0.496,0.701,0.299
878,[1],[0.33],0.02,0.6,Moderate,106,1077,76,223,854,30,0.7549622466319791,0.335,0.375,0.786,0.214
878,[1],"[0.33, 0.67]",0.02,0.6,Moderate,119,1224,92,301,923,27,0.7635971055088702,0.329,0.359,0.756,0.244
878,"[1, 0.67]",[0.33],0.02,0.6,Moderate,265,1078,176,313,765,89,0.6868992193790038,0.309,0.467,0.701,0.299
878,[1],[0.33],0.02,0.6,Strict,106,1077,76,237,840,30,0.7484627108845324,0.322,0.363,0.774,0.226
878,[1],"[0.33, 0.67]",0.02,0.6,Strict,119,1224,90,309,915,29,0.7519257703081232,0.313,0.347,0.748,0.252
878,"[1, 0.67]",[0.33],0.02,0.6,Strict,265,1078,180,325,753,85,0.6888805264816046,0.31,0.468,0.695,0.305
878,[1],[0.33],0.02,0.6,Exhaustive,106,1077,78,229,848,28,0.7616106935757957,0.341,0.378,0.783,0.217
878,[1],"[0.33, 0.67]",0.02,0.6,Exhaustive,119,1224,93,297,927,26,0.7694327731092436,0.337,0.365,0.759,0.241
878,"[1, 0.67]",[0.33],0.02,0.6,Exhaustive,265,1078,177,324,754,88,0.6836839710155074,0.302,0.462,0.693,0.307
878,[1],[0.33],0.02,0.5,Moderate,120,1059,88,230,829,32,0.758073654390935,0.352,0.402,0.778,0.222
878,[1],"[0.33, 0.67]",0.02,0.5,Moderate,129,1209,95,279,930,34,0.7528324388789505,0.333,0.378,0.766,0.234
878,"[1, 0.67]",[0.33],0.02,0.5,Moderate,287,1051,186,321,730,101,0.6713301087068231,0.29,0.469,0.685,0.315
878,[1],[0.33],0.02,0.5,Strict,120,1059,86,224,835,34,0.7525731822474032,0.347,0.4,0.781,0.219
878,[1],"[0.33, 0.67]",0.02,0.5,Strict,129,1209,97,309,900,32,0.7481774289726276,0.319,0.363,0.745,0.255
878,"[1, 0.67]",[0.33],0.02,0.5,Strict,287,1051,194,357,694,93,0.6681408447902611,0.28,0.463,0.664,0.336
878,[1],[0.33],0.02,0.5,Exhaustive,120,1059,90,236,823,30,0.7635741265344664,0.356,0.404,0.774,0.226
878,[1],"[0.33, 0.67]",0.02,0.5,Exhaustive,129,1209,90,277,932,39,0.734279723777098,0.31,0.363,0.764,0.236
878,"[1, 0.67]",[0.33],0.02,0.5,Exhaustive,287,1051,189,331,720,98,0.6717992156134691,0.289,0.468,0.679,0.321
878,[1],[0.33],0.05,0.6,Moderate,78,315,56,87,228,22,0.7208791208791209,0.366,0.507,0.723,0.277
878,[1],"[0.33, 0.67]",0.05,0.6,Moderate,72,385,49,99,286,23,0.7117063492063492,0.33,0.445,0.733,0.267
878,"[1, 0.67]",[0.33],0.05,0.6,Moderate,140,317,89,115,202,51,0.6364691302388463,0.253,0.517,0.637,0.363
878,[1],[0.33],0.05,0.6,Strict,78,315,54,95,220,24,0.6953601953601953,0.321,0.476,0.697,0.303
878,[1],"[0.33, 0.67]",0.05,0.6,Strict,72,385,48,101,284,24,0.7021645021645021,0.314,0.434,0.726,0.274
878,"[1, 0.67]",[0.33],0.05,0.6,Strict,140,317,86,118,199,54,0.6210229833258225,0.224,0.5,0.624,0.376
878,[1],[0.33],0.05,0.6,Exhaustive,78,315,56,91,224,22,0.7145299145299147,0.354,0.498,0.712,0.288
878,[1],"[0.33, 0.67]",0.05,0.6,Exhaustive,72,385,45,105,280,27,0.6761363636363636,0.273,0.405,0.711,0.289
878,"[1, 0.67]",[0.33],0.05,0.6,Exhaustive,140,317,90,115,202,50,0.6400405588102749,0.26,0.522,0.639,0.361
878,[1],[0.33],0.05,0.5,Moderate,68,322,50,91,231,18,0.7263427109974425,0.357,0.478,0.721,0.279
878,[1],"[0.33, 0.67]",0.05,0.5,Moderate,76,377,53,103,274,23,0.7120794359905067,0.334,0.457,0.722,0.278
878,"[1, 0.67]",[0.33],0.05,0.5,Moderate,139,314,96,112,202,43,0.6669797919626084,0.309,0.553,0.658,0.342
878,[1],[0.33],0.05,0.5,Strict,68,322,48,92,230,20,0.7100840336134454,0.332,0.462,0.713,0.287
878,[1],"[0.33, 0.67]",0.05,0.5,Strict,76,377,55,105,272,21,0.7225848108334497,0.348,0.466,0.722,0.278
878,"[1, 0.67]",[0.33],0.05,0.5,Strict,139,314,96,115,199,43,0.662202721898914,0.3,0.549,0.651,0.349
878,[1],[0.33],0.05,0.5,Exhaustive,68,322,52,94,228,16,0.7363902082572159,0.371,0.486,0.718,0.282
878,[1],"[0.33, 0.67]",0.05,0.5,Exhaustive,76,377,52,105,272,24,0.7028479687281864,0.319,0.446,0.715,0.285
878,"[1, 0.67]",[0.33],0.05,0.5,Exhaustive,139,314,92,113,201,47,0.650998946066077,0.28,0.535,0.647,0.353
878,[1],[0.33],0.1,0.6,Moderate,40,73,25,29,44,15,0.6138698630136986,0.218,0.532,0.611,0.389
878,[1],"[0.33, 0.67]",0.1,0.6,Moderate,37,96,27,34,62,10,0.6877815315315314,0.338,0.551,0.669,0.331
878,"[1, 0.67]",[0.33],0.1,0.6,Moderate,52,81,32,26,55,20,0.6471984805318138,0.29,0.582,0.654,0.346
878,[1],[0.33],0.1,0.6,Strict,40,73,25,27,46,15,0.6275684931506851,0.245,0.543,0.628,0.372
878,[1],"[0.33, 0.67]",0.1,0.6,Strict,37,96,25,29,67,12,0.6867961711711712,0.341,0.549,0.692,0.308
878,"[1, 0.67]",[0.33],0.1,0.6,Strict,52,81,32,30,51,20,0.6225071225071226,0.24,0.561,0.624,0.376
878,[1],[0.33],0.1,0.6,Exhaustive,40,73,24,28,45,16,0.6082191780821918,0.208,0.522,0.611,0.389
878,[1],"[0.33, 0.67]",0.1,0.6,Exhaustive,37,96,26,38,58,11,0.6534346846846847,0.275,0.515,0.632,0.368
878,"[1, 0.67]",[0.33],0.1,0.6,Exhaustive,52,81,30,35,46,22,0.5724121557454891,0.141,0.513,0.571,0.429
878,[1],[0.33],0.1,0.5,Moderate,42,68,34,23,45,8,0.7356442577030813,0.458,0.687,0.718,0.282
878,[1],"[0.33, 0.67]",0.1,0.5,Moderate,39,90,29,34,56,10,0.6829059829059829,0.336,0.569,0.659,0.341
878,"[1, 0.67]",[0.33],0.1,0.5,Moderate,55,74,31,29,45,24,0.5858722358722358,0.17,0.539,0.589,0.411
878,[1],[0.33],0.1,0.5,Strict,42,68,35,26,42,7,0.7254901960784315,0.441,0.68,0.7,0.3
878,[1],"[0.33, 0.67]",0.1,0.5,Strict,39,90,29,36,54,10,0.6717948717948719,0.316,0.558,0.643,0.357
878,"[1, 0.67]",[0.33],0.1,0.5,Strict,55,74,34,22,52,21,0.6604422604422604,0.32,0.613,0.667,0.333
878,[1],[0.33],0.1,0.5,Exhaustive,42,68,33,22,46,9,0.7310924369747899,0.449,0.68,0.718,0.282
878,[1],"[0.33, 0.67]",0.1,0.5,Exhaustive,39,90,29,29,61,10,0.7106837606837608,0.389,0.598,0.698,0.302
878,"[1, 0.67]",[0.33],0.1,0.5,Exhaustive,55,74,34,23,51,21,0.6536855036855037,0.306,0.607,0.659,0.341
76,[1],[0.33],0.01,0.6,Moderate,134,1078,108,227,851,26,0.7976975050535818,0.417,0.461,0.791,0.209
76,[1],"[0.33, 0.67]",0.01,0.6,Moderate,146,1229,107,269,960,39,0.7569997882229679,0.355,0.41,0.776,0.224
76,"[1, 0.67]",[0.33],0.01,0.6,Moderate,315,1060,196,332,728,119,0.6545073375262055,0.267,0.465,0.672,0.328
76,[1],[0.33],0.01,0.6,Strict,134,1078,108,228,850,26,0.7972336831611886,0.416,0.46,0.79,0.21
76,[1],"[0.33, 0.67]",0.01,0.6,Strict,146,1229,104,260,969,42,0.7503873290457773,0.35,0.408,0.78,0.22
76,"[1, 0.67]",[0.33],0.01,0.6,Strict,315,1060,197,329,731,118,0.6575097334531297,0.272,0.468,0.675,0.325
76,[1],[0.33],0.01,0.6,Exhaustive,134,1078,108,224,854,26,0.7990889707307618,0.421,0.464,0.794,0.206
76,[1],"[0.33, 0.67]",0.01,0.6,Exhaustive,146,1229,108,281,948,38,0.755542427856482,0.35,0.404,0.768,0.232
76,"[1, 0.67]",[0.33],0.01,0.6,Exhaustive,315,1060,202,332,728,113,0.664031147050015,0.283,0.476,0.676,0.324
76,[1],[0.33],0.01,0.5,Moderate,134,1075,100,218,857,34,0.7717389795209996,0.388,0.442,0.792,0.208
76,[1],"[0.33, 0.67]",0.01,0.5,Moderate,117,1254,93,297,957,24,0.7790148448043185,0.346,0.367,0.766,0.234
76,"[1, 0.67]",[0.33],0.01,0.5,Moderate,284,1087,186,332,755,98,0.6747508972880522,0.292,0.464,0.686,0.314
76,[1],[0.33],0.01,0.5,Strict,134,1075,105,214,861,29,0.7922561610551893,0.416,0.464,0.799,0.201
76,[1],"[0.33, 0.67]",0.01,0.5,Strict,117,1254,96,288,966,21,0.7954238743712427,0.368,0.383,0.775,0.225
76,"[1, 0.67]",[0.33],0.01,0.5,Strict,284,1087,181,316,771,103,0.6733077859984193,0.292,0.464,0.694,0.306
76,[1],[0.33],0.01,0.5,Exhaustive,134,1075,106,214,861,28,0.7959875043387712,0.421,0.467,0.8,0.2
76,[1],"[0.33, 0.67]",0.01,0.5,Exhaustive,117,1254,93,318,936,24,0.7706416390626917,0.33,0.352,0.751,0.249
76,"[1, 0.67]",[0.33],0.01,0.5,Exhaustive,284,1087,180,323,764,104,0.6683273514129857,0.283,0.457,0.689,0.311
76,[1],[0.33],0.02,0.6,Moderate,128,1055,100,237,818,28,0.7783027251184833,0.383,0.43,0.776,0.224
76,[1],"[0.33, 0.67]",0.02,0.6,Moderate,126,1217,101,297,920,25,0.7787722867837905,0.356,0.385,0.76,0.24
76,"[1, 0.67]",[0.33],0.02,0.6,Moderate,284,1059,198,322,737,86,0.6965613321097501,0.33,0.493,0.696,0.304
76,[1],[0.33],0.02,0.6,Strict,128,1055,93,240,815,35,0.7495371741706162,0.345,0.403,0.768,0.232
76,[1],"[0.33, 0.67]",0.02,0.6,Strict,126,1217,95,293,924,31,0.7566061483481368,0.33,0.37,0.759,0.241
76,"[1, 0.67]",[0.33],0.02,0.6,Strict,284,1059,209,342,717,75,0.7064846586601765,0.343,0.501,0.69,0.31
76,[1],[0.33],0.02,0.6,Exhaustive,128,1055,99,242,813,29,0.772026806872038,0.373,0.422,0.771,0.229
76,[1],"[0.33, 0.67]",0.02,0.6,Exhaustive,126,1217,100,311,906,26,0.7690521840069909,0.34,0.372,0.749,0.251
76,"[1, 0.67]",[0.33],0.02,0.6,Exhaustive,284,1059,201,317,742,83,0.7042037399087633,0.343,0.501,0.702,0.298
76,[1],[0.33],0.02,0.5,Moderate,119,1060,93,243,817,26,0.7761336610115744,0.369,0.409,0.772,0.228
76,[1],"[0.33, 0.67]",0.02,0.5,Moderate,116,1222,85,285,937,31,0.7497671990518653,0.314,0.35,0.764,0.236
76,"[1, 0.67]",[0.33],0.02,0.5,Moderate,282,1056,190,302,754,92,0.6938870083816893,0.328,0.491,0.706,0.294
76,[1],[0.33],0.02,0.5,Strict,119,1060,92,245,815,27,0.7709885841128904,0.361,0.404,0.769,0.231
76,[1],"[0.33, 0.67]",0.02,0.5,Strict,116,1222,90,304,918,26,0.7635447824369321,0.325,0.353,0.753,0.247
76,"[1, 0.67]",[0.33],0.02,0.5,Strict,282,1056,185,327,729,97,0.6731846389426177,0.291,0.466,0.683,0.317
76,[1],[0.33],0.02,0.5,Exhaustive,119,1060,90,232,828,29,0.7687172982400508,0.363,0.408,0.779,0.221
76,[1],"[0.33, 0.67]",0.02,0.5,Exhaustive,116,1222,90,274,948,26,0.775819741520402,0.349,0.375,0.776,0.224
76,"[1, 0.67]",[0.33],0.02,0.5,Exhaustive,282,1056,188,289,767,94,0.6964962121212122,0.335,0.495,0.714,0.286
76,[1],[0.33],0.05,0.6,Moderate,92,301,65,62,239,27,0.750270836342626,0.453,0.594,0.774,0.226
76,[1],"[0.33, 0.67]",0.05,0.6,Moderate,92,365,71,97,268,21,0.7529928528886242,0.421,0.546,0.742,0.258
76,"[1, 0.67]",[0.33],0.05,0.6,Moderate,157,300,105,99,201,52,0.6693949044585987,0.324,0.582,0.67,0.33
76,[1],[0.33],0.05,0.6,Strict,92,301,63,69,232,29,0.7277733641484906,0.408,0.563,0.751,0.249
76,[1],"[0.33, 0.67]",0.05,0.6,Strict,92,365,72,110,255,20,0.7406194163192377,0.394,0.526,0.716,0.284
76,"[1, 0.67]",[0.33],0.05,0.6,Strict,157,300,104,104,196,53,0.6578768577494691,0.301,0.57,0.656,0.344
76,[1],[0.33],0.05,0.6,Exhaustive,92,301,63,54,247,29,0.7526903076700853,0.468,0.603,0.789,0.211
76,[1],"[0.33, 0.67]",0.05,0.6,Exhaustive,92,365,67,101,264,25,0.725774270399047,0.376,0.515,0.724,0.276
76,"[1, 0.67]",[0.33],0.05,0.6,Exhaustive,157,300,106,106,194,51,0.6609129511677282,0.306,0.575,0.656,0.344
76,[1],[0.33],0.05,0.5,Moderate,78,312,47,74,238,31,0.6826923076923077,0.316,0.472,0.731,0.269
76,[1],"[0.33, 0.67]",0.05,0.5,Moderate,75,378,58,95,283,17,0.761005291005291,0.41,0.509,0.753,0.247
76,"[1, 0.67]",[0.33],0.05,0.5,Moderate,140,313,91,119,194,49,0.6349041533546326,0.25,0.52,0.629,0.371
76,[1],[0.33],0.05,0.5,Strict,78,312,49,87,225,29,0.6746794871794871,0.293,0.458,0.703,0.297
76,[1],"[0.33, 0.67]",0.05,0.5,Strict,75,378,56,97,281,19,0.745026455026455,0.385,0.491,0.744,0.256
76,"[1, 0.67]",[0.33],0.05,0.5,Strict,140,313,83,98,215,57,0.6398790506617983,0.264,0.517,0.658,0.342
76,[1],[0.33],0.05,0.5,Exhaustive,78,312,48,77,235,30,0.6842948717948718,0.316,0.473,0.726,0.274
76,[1],"[0.33, 0.67]",0.05,0.5,Exhaustive,75,378,55,106,272,20,0.7264550264550264,0.352,0.466,0.722,0.278
76,"[1, 0.67]",[0.33],0.05,0.5,Exhaustive,140,313,87,113,200,53,0.6302031036056595,0.242,0.512,0.634,0.366
76,[1],[0.33],0.1,0.6,Moderate,43,70,28,23,47,15,0.661295681063123,0.315,0.596,0.664,0.336
76,[1],"[0.33, 0.67]",0.1,0.6,Moderate,42,91,27,32,59,15,0.6456043956043955,0.272,0.535,0.647,0.353
76,"[1, 0.67]",[0.33],0.1,0.6,Moderate,62,71,41,29,42,21,0.6264198091776465,0.253,0.621,0.624,0.376
76,[1],[0.33],0.1,0.6,Strict,43,70,26,22,48,17,0.6451827242524917,0.285,0.571,0.655,0.345
76,[1],"[0.33, 0.67]",0.1,0.6,Strict,42,91,27,37,54,15,0.6181318681318682,0.22,0.509,0.609,0.391
76,"[1, 0.67]",[0.33],0.1,0.6,Strict,62,71,40,30,41,22,0.6113130395274875,0.222,0.606,0.609,0.391
76,[1],[0.33],0.1,0.6,Exhaustive,43,70,31,25,45,12,0.6818936877076411,0.353,0.626,0.673,0.327
76,[1],"[0.33, 0.67]",0.1,0.6,Exhaustive,42,91,27,30,61,15,0.6565934065934066,0.294,0.545,0.662,0.338
76,"[1, 0.67]",[0.33],0.1,0.6,Exhaustive,62,71,38,25,46,24,0.6303952748750568,0.261,0.608,0.632,0.368
76,[1],[0.33],0.1,0.5,Moderate,39,71,32,23,48,7,0.7482845792704949,0.475,0.681,0.727,0.273
76,[1],"[0.33, 0.67]",0.1,0.5,Moderate,31,98,19,34,64,12,0.6329822251481239,0.231,0.452,0.643,0.357
76,"[1, 0.67]",[0.33],0.1,0.5,Moderate,55,74,35,27,47,20,0.6357493857493857,0.269,0.598,0.636,0.364
76,[1],[0.33],0.1,0.5,Strict,39,71,25,22,49,14,0.6655832430480317,0.32,0.581,0.673,0.327
76,[1],"[0.33, 0.67]",0.1,0.5,Strict,31,98,25,43,55,6,0.6838380513495721,0.315,0.505,0.62,0.38
76,"[1, 0.67]",[0.33],0.1,0.5,Strict,55,74,38,36,38,17,0.6022113022113023,0.204,0.589,0.589,0.411
76,[1],[0.33],0.1,0.5,Exhaustive,39,71,27,23,48,12,0.6841820151679306,0.354,0.607,0.682,0.318
76,[1],"[0.33, 0.67]",0.1,0.5,Exhaustive,31,98,21,39,59,10,0.63973008558262,0.239,0.462,0.62,0.38
76,"[1, 0.67]",[0.33],0.1,0.5,Exhaustive,55,74,31,27,47,24,0.5993857493857493,0.198,0.549,0.605,0.395
187,[1],[0.33],0.01,0.6,Moderate,135,1077,101,246,831,34,0.7598679459403692,0.362,0.419,0.769,0.231
187,[1],"[0.33, 0.67]",0.01,0.6,Moderate,128,1247,94,246,1001,34,0.7685507718524458,0.362,0.402,0.796,0.204
187,"[1, 0.67]",[0.33],0.01,0.6,Moderate,284,1091,179,299,792,105,0.6781105975910457,0.303,0.47,0.706,0.294
187,[1],[0.33],0.01,0.6,Strict,135,1077,103,251,826,32,0.7649540905808315,0.367,0.421,0.767,0.233
187,[1],"[0.33, 0.67]",0.01,0.6,Strict,128,1247,96,244,1003,32,0.7771651964715318,0.373,0.41,0.799,0.201
187,"[1, 0.67]",[0.33],0.01,0.6,Strict,284,1091,189,303,788,95,0.6938830508255768,0.327,0.487,0.711,0.289
187,[1],[0.33],0.01,0.6,Exhaustive,135,1077,99,247,830,36,0.7519962859795729,0.351,0.412,0.767,0.233
187,[1],"[0.33, 0.67]",0.01,0.6,Exhaustive,128,1247,90,247,1000,38,0.7525248095429029,0.341,0.387,0.793,0.207
187,"[1, 0.67]",[0.33],0.01,0.6,Exhaustive,284,1091,177,281,810,107,0.6828387833877692,0.314,0.477,0.718,0.282
187,[1],[0.33],0.01,0.5,Moderate,128,1081,99,249,832,29,0.7715476121646623,0.369,0.416,0.77,0.23
187,[1],"[0.33, 0.67]",0.01,0.5,Moderate,124,1247,88,261,986,36,0.7501875468867216,0.329,0.372,0.783,0.217
187,"[1, 0.67]",[0.33],0.01,0.5,Moderate,274,1097,172,310,787,102,0.6725741737585584,0.289,0.455,0.699,0.301
187,[1],[0.33],0.01,0.5,Strict,128,1081,99,225,856,29,0.7826484447271046,0.393,0.438,0.79,0.21
187,[1],"[0.33, 0.67]",0.01,0.5,Strict,124,1247,91,264,983,33,0.7610814341516414,0.342,0.38,0.783,0.217
187,"[1, 0.67]",[0.33],0.01,0.5,Strict,274,1097,172,308,789,102,0.6734857507868174,0.291,0.456,0.701,0.299
187,[1],[0.33],0.01,0.5,Exhaustive,128,1081,97,242,839,31,0.7669728549953747,0.366,0.415,0.774,0.226
187,[1],"[0.33, 0.67]",0.01,0.5,Exhaustive,124,1247,88,257,990,36,0.7517913961248933,0.333,0.375,0.786,0.214
187,"[1, 0.67]",[0.33],0.01,0.5,Exhaustive,274,1097,172,295,802,102,0.6794110014705002,0.303,0.464,0.71,0.29
187,[1],[0.33],0.02,0.6,Moderate,109,1074,85,245,829,24,0.7758486665641605,0.356,0.387,0.773,0.227
187,[1],"[0.33, 0.67]",0.02,0.6,Moderate,126,1217,98,276,941,28,0.7754952980918469,0.358,0.392,0.774,0.226
187,"[1, 0.67]",[0.33],0.02,0.6,Moderate,286,1057,202,311,746,84,0.7060323782178086,0.347,0.506,0.706,0.294
187,[1],[0.33],0.02,0.6,Strict,109,1074,83,250,824,26,0.7643466078964003,0.34,0.376,0.767,0.233
187,[1],"[0.33, 0.67]",0.02,0.6,Strict,126,1217,104,307,910,22,0.7865685852538771,0.363,0.387,0.755,0.245
187,"[1, 0.67]",[0.33],0.02,0.6,Strict,286,1057,203,332,725,83,0.6978468551316235,0.331,0.495,0.691,0.309
187,[1],[0.33],0.02,0.6,Exhaustive,109,1074,87,256,818,22,0.7799019356602258,0.357,0.385,0.765,0.235
187,[1],"[0.33, 0.67]",0.02,0.6,Exhaustive,126,1217,99,280,937,27,0.7778201666862308,0.36,0.392,0.771,0.229
187,"[1, 0.67]",[0.33],0.02,0.6,Exhaustive,286,1057,202,302,755,84,0.7102897102897103,0.356,0.511,0.713,0.287
187,[1],[0.33],0.02,0.5,Moderate,110,1069,80,241,828,30,0.7509141933837913,0.328,0.371,0.77,0.23
187,[1],"[0.33, 0.67]",0.02,0.5,Moderate,104,1234,82,304,930,22,0.7710541079665877,0.32,0.335,0.756,0.244
187,"[1, 0.67]",[0.33],0.02,0.5,Moderate,266,1072,171,313,759,95,0.6754397654584221,0.291,0.456,0.695,0.305
187,[1],[0.33],0.02,0.5,Strict,110,1069,81,250,819,29,0.7512501063015562,0.325,0.367,0.763,0.237
187,[1],"[0.33, 0.67]",0.02,0.5,Strict,104,1234,80,302,932,24,0.762249096122678,0.311,0.329,0.756,0.244
187,"[1, 0.67]",[0.33],0.02,0.5,Strict,266,1072,176,314,758,90,0.684371843788576,0.305,0.466,0.698,0.302
187,[1],[0.33],0.02,0.5,Exhaustive,110,1069,85,249,820,25,0.7698996513308954,0.348,0.383,0.768,0.232
187,[1],"[0.33, 0.67]",0.02,0.5,Exhaustive,104,1234,82,313,921,22,0.7674074304949507,0.314,0.329,0.75,0.25
187,"[1, 0.67]",[0.33],0.02,0.5,Exhaustive,266,1072,175,323,749,91,0.6782943833464258,0.294,0.458,0.691,0.309
187,[1],[0.33],0.05,0.6,Moderate,83,310,52,77,233,31,0.689059463661096,0.329,0.491,0.725,0.275
187,[1],"[0.33, 0.67]",0.05,0.6,Moderate,86,371,61,92,279,25,0.7306619444618567,0.382,0.51,0.744,0.256
187,"[1, 0.67]",[0.33],0.05,0.6,Moderate,149,308,100,89,219,49,0.6910899503181382,0.364,0.592,0.698,0.302
187,[1],[0.33],0.05,0.6,Strict,83,310,61,89,221,22,0.7239214924212981,0.376,0.524,0.718,0.282
187,[1],"[0.33, 0.67]",0.05,0.6,Strict,86,371,61,106,265,25,0.7117940199335548,0.344,0.482,0.713,0.287
187,"[1, 0.67]",[0.33],0.05,0.6,Strict,149,308,97,110,198,52,0.6469319271332694,0.277,0.545,0.646,0.354
187,[1],[0.33],0.05,0.6,Exhaustive,83,310,52,73,237,31,0.6955110765643218,0.343,0.5,0.735,0.265
187,[1],"[0.33, 0.67]",0.05,0.6,Exhaustive,86,371,58,103,268,28,0.6983952861530746,0.325,0.47,0.713,0.287
187,"[1, 0.67]",[0.33],0.05,0.6,Exhaustive,149,308,90,92,216,59,0.6526627734681426,0.292,0.544,0.67,0.33
187,[1],[0.33],0.05,0.5,Moderate,78,312,56,91,221,22,0.7131410256410255,0.352,0.498,0.71,0.29
187,[1],"[0.33, 0.67]",0.05,0.5,Moderate,71,382,53,100,282,18,0.7423493842636975,0.373,0.473,0.74,0.26
187,"[1, 0.67]",[0.33],0.05,0.5,Moderate,134,319,93,101,218,41,0.6887077153417863,0.348,0.567,0.687,0.313
187,[1],[0.33],0.05,0.5,Strict,78,312,56,103,209,22,0.6939102564102565,0.316,0.473,0.679,0.321
187,[1],"[0.33, 0.67]",0.05,0.5,Strict,71,382,54,114,268,17,0.7310670304549811,0.348,0.452,0.711,0.289
187,"[1, 0.67]",[0.33],0.05,0.5,Strict,134,319,94,115,204,40,0.6704954849576569,0.312,0.548,0.658,0.342
187,[1],[0.33],0.05,0.5,Exhaustive,78,312,57,88,224,21,0.7243589743589745,0.371,0.511,0.721,0.279
187,[1],"[0.33, 0.67]",0.05,0.5,Exhaustive,71,382,48,103,279,23,0.7032114150873829,0.313,0.432,0.722,0.278
187,"[1, 0.67]",[0.33],0.05,0.5,Exhaustive,134,319,87,110,209,47,0.6522130725681935,0.28,0.526,0.653,0.347
187,[1],[0.33],0.1,0.6,Moderate,47,66,36,26,40,11,0.6860090264345584,0.368,0.661,0.673,0.327
187,[1],"[0.33, 0.67]",0.1,0.6,Moderate,39,94,23,28,66,16,0.645935624659029,0.273,0.511,0.669,0.331
187,"[1, 0.67]",[0.33],0.1,0.6,Moderate,63,70,30,26,44,33,0.5523809523809524,0.106,0.504,0.556,0.444
187,[1],[0.33],0.1,0.6,Strict,47,66,36,26,40,11,0.6860090264345584,0.368,0.661,0.673,0.327
187,[1],"[0.33, 0.67]",0.1,0.6,Strict,39,94,22,34,60,17,0.6012002182214948,0.187,0.463,0.617,0.383
187,"[1, 0.67]",[0.33],0.1,0.6,Strict,63,70,28,25,45,35,0.5436507936507936,0.089,0.483,0.549,0.451
187,[1],[0.33],0.1,0.6,Exhaustive,47,66,36,30,36,11,0.655705996131528,0.311,0.637,0.637,0.363
187,[1],"[0.33, 0.67]",0.1,0.6,Exhaustive,39,94,22,28,66,17,0.6331151118385161,0.25,0.494,0.662,0.338
187,"[1, 0.67]",[0.33],0.1,0.6,Exhaustive,63,70,36,25,45,27,0.6071428571428571,0.215,0.581,0.609,0.391
187,[1],[0.33],0.1,0.5,Moderate,43,67,27,24,43,16,0.6348490107601528,0.264,0.574,0.636,0.364
187,[1],"[0.33, 0.67]",0.1,0.5,Moderate,36,93,25,29,64,11,0.6913082437275986,0.348,0.556,0.69,0.31
187,"[1, 0.67]",[0.33],0.1,0.5,Moderate,61,68,34,24,44,27,0.6022179363548698,0.205,0.571,0.605,0.395
187,[1],[0.33],0.1,0.5,Strict,43,67,26,30,37,17,0.5784449843804235,0.153,0.525,0.573,0.427
187,[1],"[0.33, 0.67]",0.1,0.5,Strict,36,93,27,34,59,9,0.6922043010752688,0.345,0.557,0.667,0.333
187,"[1, 0.67]",[0.33],0.1,0.5,Strict,61,68,32,22,46,29,0.6005303760848603,0.203,0.557,0.605,0.395
187,[1],[0.33],0.1,0.5,Exhaustive,43,67,27,26,41,16,0.6199236376258244,0.234,0.562,0.618,0.382
187,[1],"[0.33, 0.67]",0.1,0.5,Exhaustive,36,93,26,30,63,10,0.6998207885304659,0.362,0.565,0.69,0.31
187,"[1, 0.67]",[0.33],0.1,0.5,Exhaustive,61,68,36,27,41,25,0.5965525554484089,0.193,0.581,0.597,0.403
299,[1],[0.33],0.01,0.6,Moderate,135,1077,106,226,851,29,0.7876715155266688,0.406,0.454,0.79,0.21
299,[1],"[0.33, 0.67]",0.01,0.6,Moderate,149,1226,122,297,929,27,0.7882703614088485,0.389,0.43,0.764,0.236
299,"[1, 0.67]",[0.33],0.01,0.6,Moderate,299,1076,211,319,757,88,0.704608608621054,0.347,0.509,0.704,0.296
299,[1],[0.33],0.01,0.6,Strict,135,1077,104,233,844,31,0.777014340245538,0.389,0.441,0.782,0.218
299,[1],"[0.33, 0.67]",0.01,0.6,Strict,149,1226,116,296,930,33,0.7685439635635065,0.364,0.414,0.761,0.239
299,"[1, 0.67]",[0.33],0.01,0.6,Strict,299,1076,212,318,758,87,0.7067455334385996,0.35,0.511,0.705,0.295
299,[1],[0.33],0.01,0.6,Exhaustive,135,1077,104,229,848,31,0.7788713504590942,0.393,0.444,0.785,0.215
299,[1],"[0.33, 0.67]",0.01,0.6,Exhaustive,149,1226,114,286,940,35,0.7659108575933083,0.364,0.415,0.767,0.233
299,"[1, 0.67]",[0.33],0.01,0.6,Exhaustive,299,1076,208,307,769,91,0.7051680943914661,0.35,0.511,0.711,0.289
299,[1],[0.33],0.01,0.5,Moderate,137,1072,110,209,863,27,0.8039785107310164,0.437,0.482,0.805,0.195
299,[1],"[0.33, 0.67]",0.01,0.5,Moderate,152,1219,109,268,951,43,0.7486264625879712,0.35,0.412,0.773,0.227
299,"[1, 0.67]",[0.33],0.01,0.5,Moderate,318,1053,206,299,754,112,0.6819240624272072,0.318,0.501,0.7,0.3
299,[1],[0.33],0.01,0.5,Strict,137,1072,108,214,858,29,0.7943471511057849,0.422,0.471,0.799,0.201
299,[1],"[0.33, 0.67]",0.01,0.5,Strict,152,1219,110,265,954,42,0.753146453089245,0.357,0.417,0.776,0.224
299,"[1, 0.67]",[0.33],0.01,0.5,Strict,318,1053,203,315,738,115,0.6696097403644573,0.295,0.486,0.686,0.314
299,[1],[0.33],0.01,0.5,Exhaustive,137,1072,107,212,860,30,0.7916303518901842,0.419,0.469,0.8,0.2
299,[1],"[0.33, 0.67]",0.01,0.5,Exhaustive,152,1219,114,280,939,38,0.7601517637407711,0.361,0.418,0.768,0.232
299,"[1, 0.67]",[0.33],0.01,0.5,Exhaustive,318,1053,208,295,758,110,0.6869680517479259,0.327,0.507,0.705,0.295
299,[1],[0.33],0.02,0.6,Moderate,125,1058,97,238,820,28,0.775523629489603,0.376,0.422,0.775,0.225
299,[1],"[0.33, 0.67]",0.02,0.6,Moderate,125,1218,97,285,933,28,0.7710049261083745,0.349,0.383,0.767,0.233
299,"[1, 0.67]",[0.33],0.02,0.6,Moderate,279,1064,187,336,728,92,0.6772307111865686,0.295,0.466,0.681,0.319
299,[1],[0.33],0.02,0.6,Strict,125,1058,101,264,794,24,0.7792362948960304,0.372,0.412,0.757,0.243
299,[1],"[0.33, 0.67]",0.02,0.6,Strict,125,1218,98,293,925,27,0.771720853858785,0.348,0.38,0.762,0.238
299,"[1, 0.67]",[0.33],0.02,0.6,Strict,279,1064,188,347,717,91,0.6738536529495783,0.288,0.462,0.674,0.326
299,[1],[0.33],0.02,0.6,Exhaustive,125,1058,93,227,831,32,0.7647221172022685,0.366,0.418,0.781,0.219
299,[1],"[0.33, 0.67]",0.02,0.6,Exhaustive,125,1218,101,289,929,24,0.7853628899835796,0.365,0.392,0.767,0.233
299,"[1, 0.67]",[0.33],0.02,0.6,Exhaustive,279,1064,187,324,740,92,0.6828698089309295,0.306,0.473,0.69,0.31
299,[1],[0.33],0.02,0.5,Moderate,123,1056,90,235,821,33,0.754584719142646,0.348,0.402,0.773,0.227
299,[1],"[0.33, 0.67]",0.02,0.5,Moderate,133,1205,105,292,913,28,0.7735750163791221,0.358,0.396,0.761,0.239
299,"[1, 0.67]",[0.33],0.02,0.5,Moderate,306,1032,199,321,711,107,0.669640142878857,0.292,0.482,0.68,0.32
299,[1],[0.33],0.02,0.5,Strict,123,1056,88,243,813,35,0.7426667590539541,0.33,0.388,0.764,0.236
299,[1],"[0.33, 0.67]",0.02,0.5,Strict,133,1205,100,306,899,33,0.7489688952672137,0.324,0.371,0.747,0.253
299,"[1, 0.67]",[0.33],0.02,0.5,Strict,306,1032,192,329,703,114,0.6543262653898769,0.266,0.464,0.669,0.331
299,[1],[0.33],0.02,0.5,Exhaustive,123,1056,92,243,813,31,0.7589269216555802,0.351,0.402,0.768,0.232
299,[1],"[0.33, 0.67]",0.02,0.5,Exhaustive,133,1205,105,299,906,28,0.7706704520637694,0.353,0.391,0.756,0.244
299,"[1, 0.67]",[0.33],0.02,0.5,Exhaustive,306,1032,192,315,717,114,0.661109211126311,0.279,0.472,0.679,0.321
299,[1],[0.33],0.05,0.6,Moderate,76,317,55,97,220,21,0.7088452598372905,0.339,0.482,0.7,0.3
299,[1],"[0.33, 0.67]",0.05,0.6,Moderate,85,372,61,112,260,24,0.7082858950031626,0.334,0.473,0.702,0.298
299,"[1, 0.67]",[0.33],0.05,0.6,Moderate,140,317,92,104,213,48,0.6645335736818386,0.306,0.548,0.667,0.333
299,[1],[0.33],0.05,0.6,Strict,76,317,55,104,213,21,0.6978042503735681,0.318,0.468,0.682,0.318
299,[1],"[0.33, 0.67]",0.05,0.6,Strict,85,372,64,124,248,21,0.7098039215686275,0.332,0.469,0.683,0.317
299,"[1, 0.67]",[0.33],0.05,0.6,Strict,140,317,93,121,196,47,0.6412911221270842,0.261,0.525,0.632,0.368
299,[1],[0.33],0.05,0.6,Exhaustive,76,317,55,99,218,21,0.7056906857047983,0.333,0.478,0.695,0.305
299,[1],"[0.33, 0.67]",0.05,0.6,Exhaustive,85,372,60,113,259,25,0.7010594560404808,0.323,0.465,0.698,0.302
299,"[1, 0.67]",[0.33],0.05,0.6,Exhaustive,140,317,92,105,212,48,0.6629562866155926,0.303,0.546,0.665,0.335
299,[1],[0.33],0.05,0.5,Moderate,78,312,48,95,217,30,0.655448717948718,0.258,0.434,0.679,0.321
299,[1],"[0.33, 0.67]",0.05,0.5,Moderate,72,381,47,110,271,25,0.6820319335083114,0.28,0.41,0.702,0.298
299,"[1, 0.67]",[0.33],0.05,0.5,Moderate,131,322,84,120,202,47,0.6342752832961926,0.245,0.501,0.631,0.369
299,[1],[0.33],0.05,0.5,Strict,78,312,54,90,222,24,0.7019230769230769,0.335,0.486,0.708,0.292
299,[1],"[0.33, 0.67]",0.05,0.5,Strict,72,381,48,129,252,24,0.6640419947506561,0.246,0.386,0.662,0.338
299,"[1, 0.67]",[0.33],0.05,0.5,Strict,131,322,87,129,193,44,0.6317505096960788,0.239,0.501,0.618,0.382
299,[1],[0.33],0.05,0.5,Exhaustive,78,312,49,103,209,29,0.6490384615384617,0.244,0.426,0.662,0.338
299,[1],"[0.33, 0.67]",0.05,0.5,Exhaustive,72,381,46,104,277,26,0.6829615048118985,0.284,0.414,0.713,0.287
299,"[1, 0.67]",[0.33],0.05,0.5,Exhaustive,131,322,87,113,209,44,0.6565952301929733,0.286,0.526,0.653,0.347
299,[1],[0.33],0.1,0.6,Moderate,44,69,28,23,46,16,0.6515151515151516,0.297,0.589,0.655,0.345
299,[1],"[0.33, 0.67]",0.1,0.6,Moderate,39,94,26,29,65,13,0.6790780141843971,0.331,0.553,0.684,0.316
299,"[1, 0.67]",[0.33],0.1,0.6,Moderate,58,75,33,22,53,25,0.637816091954023,0.278,0.584,0.647,0.353
299,[1],[0.33],0.1,0.6,Strict,44,69,28,30,39,16,0.6007905138339921,0.197,0.549,0.593,0.407
299,[1],"[0.33, 0.67]",0.1,0.6,Strict,39,94,28,32,62,11,0.6887615930169122,0.345,0.566,0.677,0.323
299,"[1, 0.67]",[0.33],0.1,0.6,Strict,58,75,33,29,46,25,0.5911494252873564,0.181,0.55,0.594,0.406
299,[1],[0.33],0.1,0.6,Exhaustive,44,69,30,29,40,14,0.630764163372859,0.255,0.583,0.619,0.381
299,[1],"[0.33, 0.67]",0.1,0.6,Exhaustive,39,94,25,30,64,14,0.6609383524277141,0.298,0.532,0.669,0.331
299,"[1, 0.67]",[0.33],0.1,0.6,Exhaustive,58,75,33,27,48,25,0.6044827586206898,0.208,0.559,0.609,0.391
299,[1],[0.33],0.1,0.5,Moderate,38,72,26,30,42,12,0.6337719298245613,0.254,0.553,0.618,0.382
299,[1],"[0.33, 0.67]",0.1,0.5,Moderate,41,88,25,29,59,16,0.6401053215077606,0.264,0.526,0.651,0.349
299,"[1, 0.67]",[0.33],0.1,0.5,Moderate,56,73,32,31,42,24,0.5733855185909981,0.146,0.538,0.574,0.426
299,[1],[0.33],0.1,0.5,Strict,38,72,20,30,42,18,0.5548245614035087,0.105,0.455,0.564,0.436
299,[1],"[0.33, 0.67]",0.1,0.5,Strict,41,88,26,34,54,15,0.6238913525498893,0.231,0.515,0.62,0.38
299,"[1, 0.67]",[0.33],0.1,0.5,Strict,56,73,28,33,40,28,0.523972602739726,0.048,0.479,0.527,0.473
299,[1],[0.33],0.1,0.5,Exhaustive,38,72,26,28,44,12,0.6476608187134503,0.281,0.565,0.636,0.364
299,[1],"[0.33, 0.67]",0.1,0.5,Exhaustive,41,88,23,25,63,18,0.6384423503325942,0.267,0.517,0.667,0.333
299,"[1, 0.67]",[0.33],0.1,0.5,Exhaustive,56,73,31,34,39,25,0.5439090019569472,0.087,0.512,0.543,0.457
